[
{
  "model": "auth.user",
  "pk": 1,
  "fields": {
    "password": "pbkdf2_sha256$600000$MKy4njXFIPZ1q3NsulPWwN$yYyjCOzFjyX+WbvUU7G++PVsM5C4lGWLk8pSJH+v1d8=",
    "last_login": "2025-12-23T01:28:56.598Z",
    "is_superuser": true,
    "username": "admin",
    "first_name": "",
    "last_name": "",
    "email": "admin@example.com",
    "is_staff": true,
    "is_active": true,
    "date_joined": "2025-12-20T01:00:53.275Z",
    "groups": [],
    "user_permissions": []
  }
},
{
  "model": "auth.user",
  "pk": 2,
  "fields": {
    "password": "pbkdf2_sha256$600000$NuLQk0ZRKXa5WeJ0HF0r5v$+NY281+dK8Qil995ZgcGV1WL/6jUDokEtEpxxmJrX8Q=",
    "last_login": "2025-12-27T04:33:39.837Z",
    "is_superuser": true,
    "username": "ggpauliv",
    "first_name": "",
    "last_name": "",
    "email": "ggpauliv@gmail.com",
    "is_staff": true,
    "is_active": true,
    "date_joined": "2025-12-23T01:31:06.870Z",
    "groups": [],
    "user_permissions": []
  }
},
{
  "model": "auth.user",
  "pk": 3,
  "fields": {
    "password": "pbkdf2_sha256$600000$iDYBe9fqxGSF2JUjlQ4Wyc$VeAucKPM48Gl6cHZ8iQGeR22zR7AIoeiQkBosiyJ6cM=",
    "last_login": "2025-12-27T12:51:37.311Z",
    "is_superuser": false,
    "username": "hkmaquino",
    "first_name": "",
    "last_name": "",
    "email": "hkmaquino@hkconsultoria.com.br",
    "is_staff": false,
    "is_active": true,
    "date_joined": "2025-12-23T01:56:26.201Z",
    "groups": [],
    "user_permissions": []
  }
},
{
  "model": "auth.user",
  "pk": 4,
  "fields": {
    "password": "pbkdf2_sha256$600000$pYy25Mfq99wui4Q7A2GswS$3Y4YsL8EFhZXclpS284XEdzyGTy6djg+wUy0HMEtrPs=",
    "last_login": "2025-12-23T02:14:33.749Z",
    "is_superuser": false,
    "username": "huennibal",
    "first_name": "",
    "last_name": "",
    "email": "huennibal@gmail.com",
    "is_staff": false,
    "is_active": true,
    "date_joined": "2025-12-23T02:14:25.720Z",
    "groups": [],
    "user_permissions": []
  }
},
{
  "model": "sessions.session",
  "pk": "6uqzy9xfzgcsq8h15j2o6h29qkz016gn",
  "fields": {
    "session_data": ".eJxVjDsOwjAQRO_iGlkxm_WHkp4zWGt7jQPIkeKkQtwdR0oBxTQzb95beNrW4rfGi5-SuAglTr9doPjkug_pQfU-yzjXdZmC3BF5rE3e5sSv68H-CQq10t_GgXUURtCWgjoD9xhLkBG1c3pQqEbggDobbbo2OqRMhJkBCAcSny-6ojd1:1vWlLO:2N-7oU6YeGKf3pfrduC96lgnx8j7DXq2lwW0KJm1-7Y",
    "expire_date": "2026-01-03T01:01:14.833Z"
  }
},
{
  "model": "sessions.session",
  "pk": "85ttt4s1ypcgu8iovia5e8uophvjl6nn",
  "fields": {
    "session_data": ".eJxVjDEOwjAMRe-SGUVOqsaEkZ0zRI7tkgJKpaadKu4OlTrA-t97fzOJ1qWktemcRjEX483pd8vET607kAfV-2R5qss8Zrsr9qDN3ibR1_Vw_w4KtfKtVRmjIkkYJAoKOs-cwUHOAb0SKzCidsznPjiHPQ4EUaLvPIBqNO8PF8E4lg:1vXrHH:tJgghc2WiXaMUOpRl6BVS3XCdqC6DdJb_QyGQap6zds",
    "expire_date": "2026-01-06T01:33:31.080Z"
  }
},
{
  "model": "sessions.session",
  "pk": "eg3f1oir7wzrogs0ch0zh7lcf1kcooys",
  "fields": {
    "session_data": ".eJxVjLsOAiEURP-F2pCVl2Bp7zeQ-wBZNZAsu5Xx35VkC51yzpl5iQjbWuLW0xJnFmehxeG3Q6BHqgPwHeqtSWp1XWaUQ5E77fLaOD0vu_t3UKCXsdYICvXJeSYOCo_KWrCGMxobtCVyHLJ3lKekAnqfTA56QuuAvwkg3h_7NjjV:1vZTlh:XKek1quu0eQKCPtzs0F0v7Wt-f-1OCUreM-cJcQC7bA",
    "expire_date": "2026-01-10T12:51:37.335Z"
  }
},
{
  "model": "sessions.session",
  "pk": "gz9nu7s8k1uedzzet08w2eu0rulqnfeq",
  "fields": {
    "session_data": ".eJxVjLsOAiEURP-F2pCVl2Bp7zeQ-wBZNZAsu5Xx35VkC51yzpl5iQjbWuLW0xJnFmehxeG3Q6BHqgPwHeqtSWp1XWaUQ5E77fLaOD0vu_t3UKCXsdYICvXJeSYOCo_KWrCGMxobtCVyHLJ3lKekAnqfTA56QuuAvwkg3h_7NjjV:1vZMHa:yj6ceo3LRUN0lQylj4Warj5WE_TIrwIIUDKWgJ7dduQ",
    "expire_date": "2026-01-10T04:52:02.795Z"
  }
},
{
  "model": "core.empresa",
  "pk": 1,
  "fields": {
    "nome": "Empresa PadrÒo",
    "cnpj": "00000000000000",
    "ativo": true,
    "created_at": "2025-12-23T01:12:13.051Z"
  }
},
{
  "model": "core.empresa",
  "pk": 2,
  "fields": {
    "nome": "AdministraþÒo Central",
    "cnpj": "00000000000000",
    "ativo": true,
    "created_at": "2025-12-23T01:31:06.867Z"
  }
},
{
  "model": "core.empresa",
  "pk": 3,
  "fields": {
    "nome": "HK",
    "cnpj": "47.279.802/0001-46",
    "ativo": true,
    "created_at": "2025-12-23T01:56:26.199Z"
  }
},
{
  "model": "core.empresa",
  "pk": 4,
  "fields": {
    "nome": "HUE FARM",
    "cnpj": "06.662.603/9700-00",
    "ativo": true,
    "created_at": "2025-12-23T02:14:25.719Z"
  }
},
{
  "model": "core.userprofile",
  "pk": 1,
  "fields": {
    "user": 1,
    "empresa": 1
  }
},
{
  "model": "core.userprofile",
  "pk": 2,
  "fields": {
    "user": 2,
    "empresa": 2
  }
},
{
  "model": "core.userprofile",
  "pk": 3,
  "fields": {
    "user": 3,
    "empresa": 3
  }
},
{
  "model": "core.userprofile",
  "pk": 4,
  "fields": {
    "user": 4,
    "empresa": 4
  }
},
{
  "model": "core.cliente",
  "pk": 1,
  "fields": {
    "empresa": 3,
    "nome": "Trading Global Export",
    "cpf_cnpj": null,
    "telefone": null,
    "email": null,
    "cidade": "Santos",
    "estado": "SP"
  }
},
{
  "model": "core.fornecedor",
  "pk": 1,
  "fields": {
    "empresa": 3,
    "nome": "AgroInsumos S.A.",
    "cpf_cnpj": null,
    "telefone": null,
    "email": null,
    "cidade": "Sinop",
    "estado": "MT"
  }
},
{
  "model": "core.fornecedor",
  "pk": 2,
  "fields": {
    "empresa": 3,
    "nome": "Cerealista GrÒo de Ouro",
    "cpf_cnpj": null,
    "telefone": null,
    "email": null,
    "cidade": "Lucas do Rio Verde",
    "estado": "MT"
  }
},
{
  "model": "core.safra",
  "pk": 1,
  "fields": {
    "empresa": 3,
    "nome": "Safra 24/25",
    "data_inicio": "2024-09-01",
    "data_fim": "2025-08-31",
    "ativa": true
  }
},
{
  "model": "core.fazenda",
  "pk": 3,
  "fields": {
    "empresa": 2,
    "nome": "Fazenda Teste",
    "endereco": null,
    "cidade": null,
    "estado": null,
    "area_total_hectares": "100.0000",
    "latitude": "-12.123456",
    "longitude": "-45.654321",
    "ativo": true,
    "created_at": "2025-12-24T14:27:52.091Z",
    "updated_at": "2025-12-24T15:16:34.258Z"
  }
},
{
  "model": "core.fazenda",
  "pk": 4,
  "fields": {
    "empresa": 2,
    "nome": "Fazenda Teste",
    "endereco": null,
    "cidade": null,
    "estado": null,
    "area_total_hectares": "0.0000",
    "latitude": null,
    "longitude": null,
    "ativo": true,
    "created_at": "2025-12-24T14:58:48.171Z",
    "updated_at": "2025-12-24T14:58:48.171Z"
  }
},
{
  "model": "core.fazenda",
  "pk": 5,
  "fields": {
    "empresa": 3,
    "nome": "Fazenda Santa Maria",
    "endereco": null,
    "cidade": "Sorriso",
    "estado": "MT",
    "area_total_hectares": "1500.0000",
    "latitude": null,
    "longitude": null,
    "ativo": true,
    "created_at": "2025-12-27T03:16:17.393Z",
    "updated_at": "2025-12-27T03:16:17.393Z"
  }
},
{
  "model": "core.fazenda",
  "pk": 6,
  "fields": {
    "empresa": 3,
    "nome": "Fazenda Bom Futuro",
    "endereco": null,
    "cidade": "QuerÛncia",
    "estado": "MT",
    "area_total_hectares": "4000.0000",
    "latitude": null,
    "longitude": null,
    "ativo": true,
    "created_at": "2025-12-27T03:16:17.612Z",
    "updated_at": "2025-12-27T03:16:17.612Z"
  }
},
{
  "model": "core.fazenda",
  "pk": 7,
  "fields": {
    "empresa": 3,
    "nome": "Fazenda Iolanda 2",
    "endereco": "Navirai",
    "cidade": "Navirai",
    "estado": "MS",
    "area_total_hectares": "680.0000",
    "latitude": "-23.154535",
    "longitude": "-54.280505",
    "ativo": true,
    "created_at": "2025-12-27T04:21:47.076Z",
    "updated_at": "2025-12-27T04:21:47.076Z"
  }
},
{
  "model": "core.talhao",
  "pk": 1,
  "fields": {
    "empresa": 1,
    "fazenda": null,
    "parent": null,
    "nome": "TalhÒo 1",
    "descricao": "Teste",
    "tipo_solo": null,
    "coordenadas_json": "[{\"lat\":-23.089372656224356,\"lng\":-54.152169227600105},{\"lat\":-23.08889892444708,\"lng\":-54.14339303970337},{\"lat\":-23.09183998223337,\"lng\":-54.14234161376953},{\"lat\":-23.092688731908538,\"lng\":-54.142899513244636},{\"lat\":-23.09290585305737,\"lng\":-54.15334939956666},{\"lat\":-23.092412395393552,\"lng\":-54.15401458740235},{\"lat\":-23.09207684314711,\"lng\":-54.15399312973023},{\"lat\":-23.091701813174232,\"lng\":-54.15236234664918}]",
    "area_hectares": "41.2954",
    "cultura_atual": "Milho",
    "ativo": true,
    "data_cadastro": "2025-12-20T01:54:08.568Z",
    "data_atualizacao": "2025-12-20T02:00:08.763Z"
  }
},
{
  "model": "core.talhao",
  "pk": 2,
  "fields": {
    "empresa": 1,
    "fazenda": null,
    "parent": null,
    "nome": "TalhÒo 2",
    "descricao": "",
    "tipo_solo": null,
    "coordenadas_json": "[{\"lat\":-23.113049406392722,\"lng\":-54.16143894195557},{\"lat\":-23.116799062959245,\"lng\":-54.171674251556404},{\"lat\":-23.11608860975811,\"lng\":-54.17457103729249},{\"lat\":-23.109082550437616,\"lng\":-54.17532205581665},{\"lat\":-23.10862862412389,\"lng\":-54.173927307128906},{\"lat\":-23.108569416230697,\"lng\":-54.17062282562256},{\"lat\":-23.107799711243473,\"lng\":-54.16733980178834},{\"lat\":-23.107760239073908,\"lng\":-54.16551589965821},{\"lat\":-23.10701026564766,\"lng\":-54.16435718536378},{\"lat\":-23.10651685979342,\"lng\":-54.16255474090577},{\"lat\":-23.1065365960624,\"lng\":-54.16156768798829}]",
    "area_hectares": "113.4758",
    "cultura_atual": "Soja",
    "ativo": true,
    "data_cadastro": "2025-12-20T05:59:10.502Z",
    "data_atualizacao": "2025-12-20T05:59:10.502Z"
  }
},
{
  "model": "core.talhao",
  "pk": 3,
  "fields": {
    "empresa": 1,
    "fazenda": null,
    "parent": null,
    "nome": "TalhÒo 3",
    "descricao": "testes",
    "tipo_solo": null,
    "coordenadas_json": "[{\"lat\":-23.07169756748951,\"lng\":-54.267289638519294},{\"lat\":-23.07098687577905,\"lng\":-54.263277053833015},{\"lat\":-23.07242799672358,\"lng\":-54.26207542419434},{\"lat\":-23.074263922959236,\"lng\":-54.25823450088502},{\"lat\":-23.07521148798534,\"lng\":-54.25782680511475},{\"lat\":-23.076119564870645,\"lng\":-54.26593780517579}]",
    "area_hectares": "33.0804",
    "cultura_atual": "Milho",
    "ativo": true,
    "data_cadastro": "2025-12-20T16:14:14.168Z",
    "data_atualizacao": "2025-12-20T16:14:14.168Z"
  }
},
{
  "model": "core.talhao",
  "pk": 4,
  "fields": {
    "empresa": 1,
    "fazenda": null,
    "parent": null,
    "nome": "teste 1",
    "descricao": "",
    "tipo_solo": null,
    "coordenadas_json": "[{\"lat\":-23.03902191864755,\"lng\":-54.35348510742188},{\"lat\":-23.038232069267835,\"lng\":-54.34331417083741},{\"lat\":-23.042418218213136,\"lng\":-54.3415117263794},{\"lat\":-23.043602953730655,\"lng\":-54.35606002807618}]",
    "area_hectares": "61.3486",
    "cultura_atual": "Milho",
    "ativo": true,
    "data_cadastro": "2025-12-22T02:53:19.356Z",
    "data_atualizacao": "2025-12-22T02:53:19.356Z"
  }
},
{
  "model": "core.talhao",
  "pk": 8,
  "fields": {
    "empresa": 2,
    "fazenda": 3,
    "parent": null,
    "nome": "Teste",
    "descricao": "",
    "tipo_solo": null,
    "coordenadas_json": "[{\"lat\":-12.123,\"lng\":-45.654},{\"lat\":-12.124,\"lng\":-45.654},{\"lat\":-12.124,\"lng\":-45.655},{\"lat\":-12.123,\"lng\":-45.655}]",
    "area_hectares": "1.0000",
    "cultura_atual": null,
    "ativo": true,
    "data_cadastro": "2025-12-24T14:29:32.656Z",
    "data_atualizacao": "2025-12-24T16:58:35.485Z"
  }
},
{
  "model": "core.talhao",
  "pk": 9,
  "fields": {
    "empresa": 2,
    "fazenda": 3,
    "parent": 8,
    "nome": "Teste - SubtalhÒo",
    "descricao": "",
    "tipo_solo": null,
    "coordenadas_json": "[]",
    "area_hectares": "5.0000",
    "cultura_atual": null,
    "ativo": true,
    "data_cadastro": "2025-12-24T14:54:41.232Z",
    "data_atualizacao": "2025-12-24T14:54:41.232Z"
  }
},
{
  "model": "core.talhao",
  "pk": 10,
  "fields": {
    "empresa": 2,
    "fazenda": 3,
    "parent": 8,
    "nome": "Teste - SubtalhÒo",
    "descricao": "",
    "tipo_solo": null,
    "coordenadas_json": "[]",
    "area_hectares": "8.0000",
    "cultura_atual": null,
    "ativo": true,
    "data_cadastro": "2025-12-24T14:54:55.745Z",
    "data_atualizacao": "2025-12-24T14:54:55.745Z"
  }
},
{
  "model": "core.talhao",
  "pk": 14,
  "fields": {
    "empresa": 2,
    "fazenda": 3,
    "parent": 8,
    "nome": "Teste - SubtalhÒo",
    "descricao": "",
    "tipo_solo": null,
    "coordenadas_json": "[]",
    "area_hectares": "0.0000",
    "cultura_atual": null,
    "ativo": true,
    "data_cadastro": "2025-12-24T18:22:27.669Z",
    "data_atualizacao": "2025-12-24T18:22:27.669Z"
  }
},
{
  "model": "core.talhao",
  "pk": 15,
  "fields": {
    "empresa": 2,
    "fazenda": 3,
    "parent": 8,
    "nome": "Teste - SubtalhÒo",
    "descricao": "",
    "tipo_solo": null,
    "coordenadas_json": "[]",
    "area_hectares": "0.0000",
    "cultura_atual": null,
    "ativo": true,
    "data_cadastro": "2025-12-24T18:27:12.544Z",
    "data_atualizacao": "2025-12-24T18:27:12.544Z"
  }
},
{
  "model": "core.talhao",
  "pk": 16,
  "fields": {
    "empresa": 2,
    "fazenda": null,
    "parent": null,
    "nome": "Clean",
    "descricao": "",
    "tipo_solo": null,
    "coordenadas_json": "[{\"lat\":-13,\"lng\":-46},{\"lat\":-13.01,\"lng\":-46},{\"lat\":-13.01,\"lng\":-46.01},{\"lat\":-13,\"lng\":-46.01}]",
    "area_hectares": "100.0000",
    "cultura_atual": null,
    "ativo": true,
    "data_cadastro": "2025-12-24T18:48:08.546Z",
    "data_atualizacao": "2025-12-24T18:48:08.546Z"
  }
},
{
  "model": "core.talhao",
  "pk": 17,
  "fields": {
    "empresa": 2,
    "fazenda": null,
    "parent": 16,
    "nome": "Clean Sub 1",
    "descricao": "",
    "tipo_solo": null,
    "coordenadas_json": "[{\"lat\":-13.001,\"lng\":-46.001},{\"lat\":-13.002,\"lng\":-46.001},{\"lat\":-13.002,\"lng\":-46.002},{\"lat\":-13.001,\"lng\":-46.002}]",
    "area_hectares": "1.2074",
    "cultura_atual": null,
    "ativo": true,
    "data_cadastro": "2025-12-24T18:48:42.196Z",
    "data_atualizacao": "2025-12-24T18:48:42.196Z"
  }
},
{
  "model": "core.talhao",
  "pk": 18,
  "fields": {
    "empresa": 3,
    "fazenda": 5,
    "parent": null,
    "nome": "Gleba A-01",
    "descricao": null,
    "tipo_solo": null,
    "coordenadas_json": null,
    "area_hectares": "50.0000",
    "cultura_atual": "Soja",
    "ativo": true,
    "data_cadastro": "2025-12-27T03:16:17.399Z",
    "data_atualizacao": "2025-12-27T03:16:17.399Z"
  }
},
{
  "model": "core.talhao",
  "pk": 21,
  "fields": {
    "empresa": 3,
    "fazenda": 5,
    "parent": 18,
    "nome": "TalhÒo 1.3",
    "descricao": null,
    "tipo_solo": null,
    "coordenadas_json": null,
    "area_hectares": "10.0000",
    "cultura_atual": "Soja",
    "ativo": true,
    "data_cadastro": "2025-12-27T03:16:17.409Z",
    "data_atualizacao": "2025-12-27T03:16:17.409Z"
  }
},
{
  "model": "core.talhao",
  "pk": 22,
  "fields": {
    "empresa": 3,
    "fazenda": 5,
    "parent": 18,
    "nome": "TalhÒo 1.4",
    "descricao": null,
    "tipo_solo": null,
    "coordenadas_json": null,
    "area_hectares": "10.0000",
    "cultura_atual": "Soja",
    "ativo": true,
    "data_cadastro": "2025-12-27T03:16:17.411Z",
    "data_atualizacao": "2025-12-27T03:16:17.411Z"
  }
},
{
  "model": "core.talhao",
  "pk": 23,
  "fields": {
    "empresa": 3,
    "fazenda": 5,
    "parent": 18,
    "nome": "TalhÒo 1.5",
    "descricao": null,
    "tipo_solo": null,
    "coordenadas_json": null,
    "area_hectares": "10.0000",
    "cultura_atual": "Soja",
    "ativo": true,
    "data_cadastro": "2025-12-27T03:16:17.413Z",
    "data_atualizacao": "2025-12-27T03:16:17.413Z"
  }
},
{
  "model": "core.talhao",
  "pk": 24,
  "fields": {
    "empresa": 3,
    "fazenda": 5,
    "parent": null,
    "nome": "Gleba A-02",
    "descricao": null,
    "tipo_solo": null,
    "coordenadas_json": null,
    "area_hectares": "50.0000",
    "cultura_atual": "Soja",
    "ativo": true,
    "data_cadastro": "2025-12-27T03:16:17.415Z",
    "data_atualizacao": "2025-12-27T03:16:17.415Z"
  }
},
{
  "model": "core.talhao",
  "pk": 25,
  "fields": {
    "empresa": 3,
    "fazenda": 5,
    "parent": 24,
    "nome": "TalhÒo 2.1",
    "descricao": null,
    "tipo_solo": null,
    "coordenadas_json": null,
    "area_hectares": "10.0000",
    "cultura_atual": "Soja",
    "ativo": true,
    "data_cadastro": "2025-12-27T03:16:17.417Z",
    "data_atualizacao": "2025-12-27T03:16:17.417Z"
  }
},
{
  "model": "core.talhao",
  "pk": 26,
  "fields": {
    "empresa": 3,
    "fazenda": 5,
    "parent": 24,
    "nome": "TalhÒo 2.2",
    "descricao": null,
    "tipo_solo": null,
    "coordenadas_json": null,
    "area_hectares": "10.0000",
    "cultura_atual": "Soja",
    "ativo": true,
    "data_cadastro": "2025-12-27T03:16:17.420Z",
    "data_atualizacao": "2025-12-27T03:16:17.420Z"
  }
},
{
  "model": "core.talhao",
  "pk": 27,
  "fields": {
    "empresa": 3,
    "fazenda": 5,
    "parent": 24,
    "nome": "TalhÒo 2.3",
    "descricao": null,
    "tipo_solo": null,
    "coordenadas_json": null,
    "area_hectares": "10.0000",
    "cultura_atual": "Soja",
    "ativo": true,
    "data_cadastro": "2025-12-27T03:16:17.422Z",
    "data_atualizacao": "2025-12-27T03:16:17.422Z"
  }
},
{
  "model": "core.talhao",
  "pk": 28,
  "fields": {
    "empresa": 3,
    "fazenda": 5,
    "parent": 24,
    "nome": "TalhÒo 2.4",
    "descricao": null,
    "tipo_solo": null,
    "coordenadas_json": null,
    "area_hectares": "10.0000",
    "cultura_atual": "Soja",
    "ativo": true,
    "data_cadastro": "2025-12-27T03:16:17.423Z",
    "data_atualizacao": "2025-12-27T03:16:17.423Z"
  }
},
{
  "model": "core.talhao",
  "pk": 29,
  "fields": {
    "empresa": 3,
    "fazenda": 5,
    "parent": 24,
    "nome": "TalhÒo 2.5",
    "descricao": null,
    "tipo_solo": null,
    "coordenadas_json": null,
    "area_hectares": "10.0000",
    "cultura_atual": "Soja",
    "ativo": true,
    "data_cadastro": "2025-12-27T03:16:17.426Z",
    "data_atualizacao": "2025-12-27T03:16:17.426Z"
  }
},
{
  "model": "core.talhao",
  "pk": 30,
  "fields": {
    "empresa": 3,
    "fazenda": 5,
    "parent": null,
    "nome": "Gleba A-03",
    "descricao": null,
    "tipo_solo": null,
    "coordenadas_json": null,
    "area_hectares": "50.0000",
    "cultura_atual": "Soja",
    "ativo": true,
    "data_cadastro": "2025-12-27T03:16:17.427Z",
    "data_atualizacao": "2025-12-27T03:16:17.427Z"
  }
},
{
  "model": "core.talhao",
  "pk": 31,
  "fields": {
    "empresa": 3,
    "fazenda": 5,
    "parent": 30,
    "nome": "TalhÒo 3.1",
    "descricao": null,
    "tipo_solo": null,
    "coordenadas_json": null,
    "area_hectares": "10.0000",
    "cultura_atual": "Soja",
    "ativo": true,
    "data_cadastro": "2025-12-27T03:16:17.429Z",
    "data_atualizacao": "2025-12-27T03:16:17.429Z"
  }
},
{
  "model": "core.talhao",
  "pk": 32,
  "fields": {
    "empresa": 3,
    "fazenda": 5,
    "parent": 30,
    "nome": "TalhÒo 3.2",
    "descricao": null,
    "tipo_solo": null,
    "coordenadas_json": null,
    "area_hectares": "10.0000",
    "cultura_atual": "Soja",
    "ativo": true,
    "data_cadastro": "2025-12-27T03:16:17.431Z",
    "data_atualizacao": "2025-12-27T03:16:17.431Z"
  }
},
{
  "model": "core.talhao",
  "pk": 33,
  "fields": {
    "empresa": 3,
    "fazenda": 5,
    "parent": 30,
    "nome": "TalhÒo 3.3",
    "descricao": null,
    "tipo_solo": null,
    "coordenadas_json": null,
    "area_hectares": "10.0000",
    "cultura_atual": "Soja",
    "ativo": true,
    "data_cadastro": "2025-12-27T03:16:17.433Z",
    "data_atualizacao": "2025-12-27T03:16:17.433Z"
  }
},
{
  "model": "core.talhao",
  "pk": 34,
  "fields": {
    "empresa": 3,
    "fazenda": 5,
    "parent": 30,
    "nome": "TalhÒo 3.4",
    "descricao": null,
    "tipo_solo": null,
    "coordenadas_json": null,
    "area_hectares": "10.0000",
    "cultura_atual": "Soja",
    "ativo": true,
    "data_cadastro": "2025-12-27T03:16:17.434Z",
    "data_atualizacao": "2025-12-27T03:16:17.434Z"
  }
},
{
  "model": "core.talhao",
  "pk": 35,
  "fields": {
    "empresa": 3,
    "fazenda": 5,
    "parent": 30,
    "nome": "TalhÒo 3.5",
    "descricao": null,
    "tipo_solo": null,
    "coordenadas_json": null,
    "area_hectares": "10.0000",
    "cultura_atual": "Soja",
    "ativo": true,
    "data_cadastro": "2025-12-27T03:16:17.435Z",
    "data_atualizacao": "2025-12-27T03:16:17.435Z"
  }
},
{
  "model": "core.talhao",
  "pk": 36,
  "fields": {
    "empresa": 3,
    "fazenda": 5,
    "parent": null,
    "nome": "Gleba A-04",
    "descricao": null,
    "tipo_solo": null,
    "coordenadas_json": null,
    "area_hectares": "50.0000",
    "cultura_atual": "Soja",
    "ativo": true,
    "data_cadastro": "2025-12-27T03:16:17.436Z",
    "data_atualizacao": "2025-12-27T03:16:17.436Z"
  }
},
{
  "model": "core.talhao",
  "pk": 37,
  "fields": {
    "empresa": 3,
    "fazenda": 5,
    "parent": 36,
    "nome": "TalhÒo 4.1",
    "descricao": null,
    "tipo_solo": null,
    "coordenadas_json": null,
    "area_hectares": "10.0000",
    "cultura_atual": "Soja",
    "ativo": true,
    "data_cadastro": "2025-12-27T03:16:17.437Z",
    "data_atualizacao": "2025-12-27T03:16:17.437Z"
  }
},
{
  "model": "core.talhao",
  "pk": 38,
  "fields": {
    "empresa": 3,
    "fazenda": 5,
    "parent": 36,
    "nome": "TalhÒo 4.2",
    "descricao": null,
    "tipo_solo": null,
    "coordenadas_json": null,
    "area_hectares": "10.0000",
    "cultura_atual": "Soja",
    "ativo": true,
    "data_cadastro": "2025-12-27T03:16:17.439Z",
    "data_atualizacao": "2025-12-27T03:16:17.439Z"
  }
},
{
  "model": "core.talhao",
  "pk": 39,
  "fields": {
    "empresa": 3,
    "fazenda": 5,
    "parent": 36,
    "nome": "TalhÒo 4.3",
    "descricao": null,
    "tipo_solo": null,
    "coordenadas_json": null,
    "area_hectares": "10.0000",
    "cultura_atual": "Soja",
    "ativo": true,
    "data_cadastro": "2025-12-27T03:16:17.441Z",
    "data_atualizacao": "2025-12-27T03:16:17.441Z"
  }
},
{
  "model": "core.talhao",
  "pk": 40,
  "fields": {
    "empresa": 3,
    "fazenda": 5,
    "parent": 36,
    "nome": "TalhÒo 4.4",
    "descricao": null,
    "tipo_solo": null,
    "coordenadas_json": null,
    "area_hectares": "10.0000",
    "cultura_atual": "Soja",
    "ativo": true,
    "data_cadastro": "2025-12-27T03:16:17.442Z",
    "data_atualizacao": "2025-12-27T03:16:17.442Z"
  }
},
{
  "model": "core.talhao",
  "pk": 41,
  "fields": {
    "empresa": 3,
    "fazenda": 5,
    "parent": 36,
    "nome": "TalhÒo 4.5",
    "descricao": null,
    "tipo_solo": null,
    "coordenadas_json": null,
    "area_hectares": "10.0000",
    "cultura_atual": "Soja",
    "ativo": true,
    "data_cadastro": "2025-12-27T03:16:17.444Z",
    "data_atualizacao": "2025-12-27T03:16:17.444Z"
  }
},
{
  "model": "core.talhao",
  "pk": 42,
  "fields": {
    "empresa": 3,
    "fazenda": 5,
    "parent": null,
    "nome": "Gleba A-05",
    "descricao": null,
    "tipo_solo": null,
    "coordenadas_json": null,
    "area_hectares": "50.0000",
    "cultura_atual": "Soja",
    "ativo": true,
    "data_cadastro": "2025-12-27T03:16:17.445Z",
    "data_atualizacao": "2025-12-27T03:16:17.445Z"
  }
},
{
  "model": "core.talhao",
  "pk": 43,
  "fields": {
    "empresa": 3,
    "fazenda": 5,
    "parent": 42,
    "nome": "TalhÒo 5.1",
    "descricao": null,
    "tipo_solo": null,
    "coordenadas_json": null,
    "area_hectares": "10.0000",
    "cultura_atual": "Soja",
    "ativo": true,
    "data_cadastro": "2025-12-27T03:16:17.447Z",
    "data_atualizacao": "2025-12-27T03:16:17.447Z"
  }
},
{
  "model": "core.talhao",
  "pk": 44,
  "fields": {
    "empresa": 3,
    "fazenda": 5,
    "parent": 42,
    "nome": "TalhÒo 5.2",
    "descricao": null,
    "tipo_solo": null,
    "coordenadas_json": null,
    "area_hectares": "10.0000",
    "cultura_atual": "Soja",
    "ativo": true,
    "data_cadastro": "2025-12-27T03:16:17.448Z",
    "data_atualizacao": "2025-12-27T03:16:17.448Z"
  }
},
{
  "model": "core.talhao",
  "pk": 45,
  "fields": {
    "empresa": 3,
    "fazenda": 5,
    "parent": 42,
    "nome": "TalhÒo 5.3",
    "descricao": null,
    "tipo_solo": null,
    "coordenadas_json": null,
    "area_hectares": "10.0000",
    "cultura_atual": "Soja",
    "ativo": true,
    "data_cadastro": "2025-12-27T03:16:17.451Z",
    "data_atualizacao": "2025-12-27T03:16:17.451Z"
  }
},
{
  "model": "core.talhao",
  "pk": 46,
  "fields": {
    "empresa": 3,
    "fazenda": 5,
    "parent": 42,
    "nome": "TalhÒo 5.4",
    "descricao": null,
    "tipo_solo": null,
    "coordenadas_json": null,
    "area_hectares": "10.0000",
    "cultura_atual": "Soja",
    "ativo": true,
    "data_cadastro": "2025-12-27T03:16:17.452Z",
    "data_atualizacao": "2025-12-27T03:16:17.452Z"
  }
},
{
  "model": "core.talhao",
  "pk": 47,
  "fields": {
    "empresa": 3,
    "fazenda": 5,
    "parent": 42,
    "nome": "TalhÒo 5.5",
    "descricao": null,
    "tipo_solo": null,
    "coordenadas_json": null,
    "area_hectares": "10.0000",
    "cultura_atual": "Soja",
    "ativo": true,
    "data_cadastro": "2025-12-27T03:16:17.454Z",
    "data_atualizacao": "2025-12-27T03:16:17.454Z"
  }
},
{
  "model": "core.talhao",
  "pk": 48,
  "fields": {
    "empresa": 3,
    "fazenda": 5,
    "parent": null,
    "nome": "Gleba A-06",
    "descricao": null,
    "tipo_solo": null,
    "coordenadas_json": null,
    "area_hectares": "50.0000",
    "cultura_atual": "Soja",
    "ativo": true,
    "data_cadastro": "2025-12-27T03:16:17.457Z",
    "data_atualizacao": "2025-12-27T03:16:17.457Z"
  }
},
{
  "model": "core.talhao",
  "pk": 49,
  "fields": {
    "empresa": 3,
    "fazenda": 5,
    "parent": 48,
    "nome": "TalhÒo 6.1",
    "descricao": null,
    "tipo_solo": null,
    "coordenadas_json": null,
    "area_hectares": "10.0000",
    "cultura_atual": "Soja",
    "ativo": true,
    "data_cadastro": "2025-12-27T03:16:17.460Z",
    "data_atualizacao": "2025-12-27T03:16:17.460Z"
  }
},
{
  "model": "core.talhao",
  "pk": 50,
  "fields": {
    "empresa": 3,
    "fazenda": 5,
    "parent": 48,
    "nome": "TalhÒo 6.2",
    "descricao": null,
    "tipo_solo": null,
    "coordenadas_json": null,
    "area_hectares": "10.0000",
    "cultura_atual": "Soja",
    "ativo": true,
    "data_cadastro": "2025-12-27T03:16:17.462Z",
    "data_atualizacao": "2025-12-27T03:16:17.462Z"
  }
},
{
  "model": "core.talhao",
  "pk": 51,
  "fields": {
    "empresa": 3,
    "fazenda": 5,
    "parent": 48,
    "nome": "TalhÒo 6.3",
    "descricao": null,
    "tipo_solo": null,
    "coordenadas_json": null,
    "area_hectares": "10.0000",
    "cultura_atual": "Soja",
    "ativo": true,
    "data_cadastro": "2025-12-27T03:16:17.464Z",
    "data_atualizacao": "2025-12-27T03:16:17.464Z"
  }
},
{
  "model": "core.talhao",
  "pk": 52,
  "fields": {
    "empresa": 3,
    "fazenda": 5,
    "parent": 48,
    "nome": "TalhÒo 6.4",
    "descricao": null,
    "tipo_solo": null,
    "coordenadas_json": null,
    "area_hectares": "10.0000",
    "cultura_atual": "Soja",
    "ativo": true,
    "data_cadastro": "2025-12-27T03:16:17.465Z",
    "data_atualizacao": "2025-12-27T03:16:17.465Z"
  }
},
{
  "model": "core.talhao",
  "pk": 53,
  "fields": {
    "empresa": 3,
    "fazenda": 5,
    "parent": 48,
    "nome": "TalhÒo 6.5",
    "descricao": null,
    "tipo_solo": null,
    "coordenadas_json": null,
    "area_hectares": "10.0000",
    "cultura_atual": "Soja",
    "ativo": true,
    "data_cadastro": "2025-12-27T03:16:17.467Z",
    "data_atualizacao": "2025-12-27T03:16:17.467Z"
  }
},
{
  "model": "core.talhao",
  "pk": 54,
  "fields": {
    "empresa": 3,
    "fazenda": 5,
    "parent": null,
    "nome": "Gleba A-07",
    "descricao": null,
    "tipo_solo": null,
    "coordenadas_json": null,
    "area_hectares": "50.0000",
    "cultura_atual": "Soja",
    "ativo": true,
    "data_cadastro": "2025-12-27T03:16:17.469Z",
    "data_atualizacao": "2025-12-27T03:16:17.469Z"
  }
},
{
  "model": "core.talhao",
  "pk": 55,
  "fields": {
    "empresa": 3,
    "fazenda": 5,
    "parent": 54,
    "nome": "TalhÒo 7.1",
    "descricao": null,
    "tipo_solo": null,
    "coordenadas_json": null,
    "area_hectares": "10.0000",
    "cultura_atual": "Soja",
    "ativo": true,
    "data_cadastro": "2025-12-27T03:16:17.470Z",
    "data_atualizacao": "2025-12-27T03:16:17.470Z"
  }
},
{
  "model": "core.talhao",
  "pk": 56,
  "fields": {
    "empresa": 3,
    "fazenda": 5,
    "parent": 54,
    "nome": "TalhÒo 7.2",
    "descricao": null,
    "tipo_solo": null,
    "coordenadas_json": null,
    "area_hectares": "10.0000",
    "cultura_atual": "Soja",
    "ativo": true,
    "data_cadastro": "2025-12-27T03:16:17.471Z",
    "data_atualizacao": "2025-12-27T03:16:17.471Z"
  }
},
{
  "model": "core.talhao",
  "pk": 57,
  "fields": {
    "empresa": 3,
    "fazenda": 5,
    "parent": 54,
    "nome": "TalhÒo 7.3",
    "descricao": null,
    "tipo_solo": null,
    "coordenadas_json": null,
    "area_hectares": "10.0000",
    "cultura_atual": "Soja",
    "ativo": true,
    "data_cadastro": "2025-12-27T03:16:17.472Z",
    "data_atualizacao": "2025-12-27T03:16:17.472Z"
  }
},
{
  "model": "core.talhao",
  "pk": 58,
  "fields": {
    "empresa": 3,
    "fazenda": 5,
    "parent": 54,
    "nome": "TalhÒo 7.4",
    "descricao": null,
    "tipo_solo": null,
    "coordenadas_json": null,
    "area_hectares": "10.0000",
    "cultura_atual": "Soja",
    "ativo": true,
    "data_cadastro": "2025-12-27T03:16:17.473Z",
    "data_atualizacao": "2025-12-27T03:16:17.473Z"
  }
},
{
  "model": "core.talhao",
  "pk": 59,
  "fields": {
    "empresa": 3,
    "fazenda": 5,
    "parent": 54,
    "nome": "TalhÒo 7.5",
    "descricao": null,
    "tipo_solo": null,
    "coordenadas_json": null,
    "area_hectares": "10.0000",
    "cultura_atual": "Soja",
    "ativo": true,
    "data_cadastro": "2025-12-27T03:16:17.474Z",
    "data_atualizacao": "2025-12-27T03:16:17.474Z"
  }
},
{
  "model": "core.talhao",
  "pk": 60,
  "fields": {
    "empresa": 3,
    "fazenda": 5,
    "parent": null,
    "nome": "Gleba A-08",
    "descricao": null,
    "tipo_solo": null,
    "coordenadas_json": null,
    "area_hectares": "50.0000",
    "cultura_atual": "Soja",
    "ativo": true,
    "data_cadastro": "2025-12-27T03:16:17.477Z",
    "data_atualizacao": "2025-12-27T03:16:17.477Z"
  }
},
{
  "model": "core.talhao",
  "pk": 61,
  "fields": {
    "empresa": 3,
    "fazenda": 5,
    "parent": 60,
    "nome": "TalhÒo 8.1",
    "descricao": null,
    "tipo_solo": null,
    "coordenadas_json": null,
    "area_hectares": "10.0000",
    "cultura_atual": "Soja",
    "ativo": true,
    "data_cadastro": "2025-12-27T03:16:17.478Z",
    "data_atualizacao": "2025-12-27T03:16:17.478Z"
  }
},
{
  "model": "core.talhao",
  "pk": 62,
  "fields": {
    "empresa": 3,
    "fazenda": 5,
    "parent": 60,
    "nome": "TalhÒo 8.2",
    "descricao": null,
    "tipo_solo": null,
    "coordenadas_json": null,
    "area_hectares": "10.0000",
    "cultura_atual": "Soja",
    "ativo": true,
    "data_cadastro": "2025-12-27T03:16:17.480Z",
    "data_atualizacao": "2025-12-27T03:16:17.480Z"
  }
},
{
  "model": "core.talhao",
  "pk": 63,
  "fields": {
    "empresa": 3,
    "fazenda": 5,
    "parent": 60,
    "nome": "TalhÒo 8.3",
    "descricao": null,
    "tipo_solo": null,
    "coordenadas_json": null,
    "area_hectares": "10.0000",
    "cultura_atual": "Soja",
    "ativo": true,
    "data_cadastro": "2025-12-27T03:16:17.481Z",
    "data_atualizacao": "2025-12-27T03:16:17.481Z"
  }
},
{
  "model": "core.talhao",
  "pk": 64,
  "fields": {
    "empresa": 3,
    "fazenda": 5,
    "parent": 60,
    "nome": "TalhÒo 8.4",
    "descricao": null,
    "tipo_solo": null,
    "coordenadas_json": null,
    "area_hectares": "10.0000",
    "cultura_atual": "Soja",
    "ativo": true,
    "data_cadastro": "2025-12-27T03:16:17.483Z",
    "data_atualizacao": "2025-12-27T03:16:17.483Z"
  }
},
{
  "model": "core.talhao",
  "pk": 65,
  "fields": {
    "empresa": 3,
    "fazenda": 5,
    "parent": 60,
    "nome": "TalhÒo 8.5",
    "descricao": null,
    "tipo_solo": null,
    "coordenadas_json": null,
    "area_hectares": "10.0000",
    "cultura_atual": "Soja",
    "ativo": true,
    "data_cadastro": "2025-12-27T03:16:17.484Z",
    "data_atualizacao": "2025-12-27T03:16:17.484Z"
  }
},
{
  "model": "core.talhao",
  "pk": 66,
  "fields": {
    "empresa": 3,
    "fazenda": 5,
    "parent": null,
    "nome": "Gleba A-09",
    "descricao": null,
    "tipo_solo": null,
    "coordenadas_json": null,
    "area_hectares": "50.0000",
    "cultura_atual": "Soja",
    "ativo": true,
    "data_cadastro": "2025-12-27T03:16:17.486Z",
    "data_atualizacao": "2025-12-27T03:16:17.486Z"
  }
},
{
  "model": "core.talhao",
  "pk": 67,
  "fields": {
    "empresa": 3,
    "fazenda": 5,
    "parent": 66,
    "nome": "TalhÒo 9.1",
    "descricao": null,
    "tipo_solo": null,
    "coordenadas_json": null,
    "area_hectares": "10.0000",
    "cultura_atual": "Soja",
    "ativo": true,
    "data_cadastro": "2025-12-27T03:16:17.487Z",
    "data_atualizacao": "2025-12-27T03:16:17.487Z"
  }
},
{
  "model": "core.talhao",
  "pk": 68,
  "fields": {
    "empresa": 3,
    "fazenda": 5,
    "parent": 66,
    "nome": "TalhÒo 9.2",
    "descricao": null,
    "tipo_solo": null,
    "coordenadas_json": null,
    "area_hectares": "10.0000",
    "cultura_atual": "Soja",
    "ativo": true,
    "data_cadastro": "2025-12-27T03:16:17.489Z",
    "data_atualizacao": "2025-12-27T03:16:17.489Z"
  }
},
{
  "model": "core.talhao",
  "pk": 69,
  "fields": {
    "empresa": 3,
    "fazenda": 5,
    "parent": 66,
    "nome": "TalhÒo 9.3",
    "descricao": null,
    "tipo_solo": null,
    "coordenadas_json": null,
    "area_hectares": "10.0000",
    "cultura_atual": "Soja",
    "ativo": true,
    "data_cadastro": "2025-12-27T03:16:17.490Z",
    "data_atualizacao": "2025-12-27T03:16:17.490Z"
  }
},
{
  "model": "core.talhao",
  "pk": 70,
  "fields": {
    "empresa": 3,
    "fazenda": 5,
    "parent": 66,
    "nome": "TalhÒo 9.4",
    "descricao": null,
    "tipo_solo": null,
    "coordenadas_json": null,
    "area_hectares": "10.0000",
    "cultura_atual": "Soja",
    "ativo": true,
    "data_cadastro": "2025-12-27T03:16:17.492Z",
    "data_atualizacao": "2025-12-27T03:16:17.492Z"
  }
},
{
  "model": "core.talhao",
  "pk": 71,
  "fields": {
    "empresa": 3,
    "fazenda": 5,
    "parent": 66,
    "nome": "TalhÒo 9.5",
    "descricao": null,
    "tipo_solo": null,
    "coordenadas_json": null,
    "area_hectares": "10.0000",
    "cultura_atual": "Soja",
    "ativo": true,
    "data_cadastro": "2025-12-27T03:16:17.492Z",
    "data_atualizacao": "2025-12-27T03:16:17.492Z"
  }
},
{
  "model": "core.talhao",
  "pk": 72,
  "fields": {
    "empresa": 3,
    "fazenda": 5,
    "parent": null,
    "nome": "Gleba A-10",
    "descricao": null,
    "tipo_solo": null,
    "coordenadas_json": null,
    "area_hectares": "50.0000",
    "cultura_atual": "Soja",
    "ativo": true,
    "data_cadastro": "2025-12-27T03:16:17.495Z",
    "data_atualizacao": "2025-12-27T03:16:17.495Z"
  }
},
{
  "model": "core.talhao",
  "pk": 73,
  "fields": {
    "empresa": 3,
    "fazenda": 5,
    "parent": 72,
    "nome": "TalhÒo 10.1",
    "descricao": null,
    "tipo_solo": null,
    "coordenadas_json": null,
    "area_hectares": "10.0000",
    "cultura_atual": "Soja",
    "ativo": true,
    "data_cadastro": "2025-12-27T03:16:17.500Z",
    "data_atualizacao": "2025-12-27T03:16:17.500Z"
  }
},
{
  "model": "core.talhao",
  "pk": 74,
  "fields": {
    "empresa": 3,
    "fazenda": 5,
    "parent": 72,
    "nome": "TalhÒo 10.2",
    "descricao": null,
    "tipo_solo": null,
    "coordenadas_json": null,
    "area_hectares": "10.0000",
    "cultura_atual": "Soja",
    "ativo": true,
    "data_cadastro": "2025-12-27T03:16:17.503Z",
    "data_atualizacao": "2025-12-27T03:16:17.503Z"
  }
},
{
  "model": "core.talhao",
  "pk": 75,
  "fields": {
    "empresa": 3,
    "fazenda": 5,
    "parent": 72,
    "nome": "TalhÒo 10.3",
    "descricao": null,
    "tipo_solo": null,
    "coordenadas_json": null,
    "area_hectares": "10.0000",
    "cultura_atual": "Soja",
    "ativo": true,
    "data_cadastro": "2025-12-27T03:16:17.505Z",
    "data_atualizacao": "2025-12-27T03:16:17.505Z"
  }
},
{
  "model": "core.talhao",
  "pk": 76,
  "fields": {
    "empresa": 3,
    "fazenda": 5,
    "parent": 72,
    "nome": "TalhÒo 10.4",
    "descricao": null,
    "tipo_solo": null,
    "coordenadas_json": null,
    "area_hectares": "10.0000",
    "cultura_atual": "Soja",
    "ativo": true,
    "data_cadastro": "2025-12-27T03:16:17.507Z",
    "data_atualizacao": "2025-12-27T03:16:17.507Z"
  }
},
{
  "model": "core.talhao",
  "pk": 77,
  "fields": {
    "empresa": 3,
    "fazenda": 5,
    "parent": 72,
    "nome": "TalhÒo 10.5",
    "descricao": null,
    "tipo_solo": null,
    "coordenadas_json": null,
    "area_hectares": "10.0000",
    "cultura_atual": "Soja",
    "ativo": true,
    "data_cadastro": "2025-12-27T03:16:17.509Z",
    "data_atualizacao": "2025-12-27T03:16:17.509Z"
  }
},
{
  "model": "core.talhao",
  "pk": 78,
  "fields": {
    "empresa": 3,
    "fazenda": 5,
    "parent": null,
    "nome": "Gleba A-11",
    "descricao": null,
    "tipo_solo": null,
    "coordenadas_json": null,
    "area_hectares": "50.0000",
    "cultura_atual": "Soja",
    "ativo": true,
    "data_cadastro": "2025-12-27T03:16:17.512Z",
    "data_atualizacao": "2025-12-27T03:16:17.512Z"
  }
},
{
  "model": "core.talhao",
  "pk": 79,
  "fields": {
    "empresa": 3,
    "fazenda": 5,
    "parent": 78,
    "nome": "TalhÒo 11.1",
    "descricao": null,
    "tipo_solo": null,
    "coordenadas_json": null,
    "area_hectares": "10.0000",
    "cultura_atual": "Soja",
    "ativo": true,
    "data_cadastro": "2025-12-27T03:16:17.513Z",
    "data_atualizacao": "2025-12-27T03:16:17.513Z"
  }
},
{
  "model": "core.talhao",
  "pk": 80,
  "fields": {
    "empresa": 3,
    "fazenda": 5,
    "parent": 78,
    "nome": "TalhÒo 11.2",
    "descricao": null,
    "tipo_solo": null,
    "coordenadas_json": null,
    "area_hectares": "10.0000",
    "cultura_atual": "Soja",
    "ativo": true,
    "data_cadastro": "2025-12-27T03:16:17.514Z",
    "data_atualizacao": "2025-12-27T03:16:17.514Z"
  }
},
{
  "model": "core.talhao",
  "pk": 81,
  "fields": {
    "empresa": 3,
    "fazenda": 5,
    "parent": 78,
    "nome": "TalhÒo 11.3",
    "descricao": null,
    "tipo_solo": null,
    "coordenadas_json": null,
    "area_hectares": "10.0000",
    "cultura_atual": "Soja",
    "ativo": true,
    "data_cadastro": "2025-12-27T03:16:17.516Z",
    "data_atualizacao": "2025-12-27T03:16:17.516Z"
  }
},
{
  "model": "core.talhao",
  "pk": 82,
  "fields": {
    "empresa": 3,
    "fazenda": 5,
    "parent": 78,
    "nome": "TalhÒo 11.4",
    "descricao": null,
    "tipo_solo": null,
    "coordenadas_json": null,
    "area_hectares": "10.0000",
    "cultura_atual": "Soja",
    "ativo": true,
    "data_cadastro": "2025-12-27T03:16:17.517Z",
    "data_atualizacao": "2025-12-27T03:16:17.517Z"
  }
},
{
  "model": "core.talhao",
  "pk": 83,
  "fields": {
    "empresa": 3,
    "fazenda": 5,
    "parent": 78,
    "nome": "TalhÒo 11.5",
    "descricao": null,
    "tipo_solo": null,
    "coordenadas_json": null,
    "area_hectares": "10.0000",
    "cultura_atual": "Soja",
    "ativo": true,
    "data_cadastro": "2025-12-27T03:16:17.519Z",
    "data_atualizacao": "2025-12-27T03:16:17.519Z"
  }
},
{
  "model": "core.talhao",
  "pk": 84,
  "fields": {
    "empresa": 3,
    "fazenda": 5,
    "parent": null,
    "nome": "Gleba A-12",
    "descricao": null,
    "tipo_solo": null,
    "coordenadas_json": null,
    "area_hectares": "50.0000",
    "cultura_atual": "Soja",
    "ativo": true,
    "data_cadastro": "2025-12-27T03:16:17.520Z",
    "data_atualizacao": "2025-12-27T03:16:17.520Z"
  }
},
{
  "model": "core.talhao",
  "pk": 85,
  "fields": {
    "empresa": 3,
    "fazenda": 5,
    "parent": 84,
    "nome": "TalhÒo 12.1",
    "descricao": null,
    "tipo_solo": null,
    "coordenadas_json": null,
    "area_hectares": "10.0000",
    "cultura_atual": "Soja",
    "ativo": true,
    "data_cadastro": "2025-12-27T03:16:17.521Z",
    "data_atualizacao": "2025-12-27T03:16:17.521Z"
  }
},
{
  "model": "core.talhao",
  "pk": 86,
  "fields": {
    "empresa": 3,
    "fazenda": 5,
    "parent": 84,
    "nome": "TalhÒo 12.2",
    "descricao": null,
    "tipo_solo": null,
    "coordenadas_json": null,
    "area_hectares": "10.0000",
    "cultura_atual": "Soja",
    "ativo": true,
    "data_cadastro": "2025-12-27T03:16:17.524Z",
    "data_atualizacao": "2025-12-27T03:16:17.524Z"
  }
},
{
  "model": "core.talhao",
  "pk": 87,
  "fields": {
    "empresa": 3,
    "fazenda": 5,
    "parent": 84,
    "nome": "TalhÒo 12.3",
    "descricao": null,
    "tipo_solo": null,
    "coordenadas_json": null,
    "area_hectares": "10.0000",
    "cultura_atual": "Soja",
    "ativo": true,
    "data_cadastro": "2025-12-27T03:16:17.526Z",
    "data_atualizacao": "2025-12-27T03:16:17.526Z"
  }
},
{
  "model": "core.talhao",
  "pk": 88,
  "fields": {
    "empresa": 3,
    "fazenda": 5,
    "parent": 84,
    "nome": "TalhÒo 12.4",
    "descricao": null,
    "tipo_solo": null,
    "coordenadas_json": null,
    "area_hectares": "10.0000",
    "cultura_atual": "Soja",
    "ativo": true,
    "data_cadastro": "2025-12-27T03:16:17.528Z",
    "data_atualizacao": "2025-12-27T03:16:17.528Z"
  }
},
{
  "model": "core.talhao",
  "pk": 89,
  "fields": {
    "empresa": 3,
    "fazenda": 5,
    "parent": 84,
    "nome": "TalhÒo 12.5",
    "descricao": null,
    "tipo_solo": null,
    "coordenadas_json": null,
    "area_hectares": "10.0000",
    "cultura_atual": "Soja",
    "ativo": true,
    "data_cadastro": "2025-12-27T03:16:17.529Z",
    "data_atualizacao": "2025-12-27T03:16:17.529Z"
  }
},
{
  "model": "core.talhao",
  "pk": 90,
  "fields": {
    "empresa": 3,
    "fazenda": 5,
    "parent": null,
    "nome": "Gleba A-13",
    "descricao": null,
    "tipo_solo": null,
    "coordenadas_json": null,
    "area_hectares": "50.0000",
    "cultura_atual": "Soja",
    "ativo": true,
    "data_cadastro": "2025-12-27T03:16:17.531Z",
    "data_atualizacao": "2025-12-27T03:16:17.531Z"
  }
},
{
  "model": "core.talhao",
  "pk": 91,
  "fields": {
    "empresa": 3,
    "fazenda": 5,
    "parent": 90,
    "nome": "TalhÒo 13.1",
    "descricao": null,
    "tipo_solo": null,
    "coordenadas_json": null,
    "area_hectares": "10.0000",
    "cultura_atual": "Soja",
    "ativo": true,
    "data_cadastro": "2025-12-27T03:16:17.533Z",
    "data_atualizacao": "2025-12-27T03:16:17.533Z"
  }
},
{
  "model": "core.talhao",
  "pk": 92,
  "fields": {
    "empresa": 3,
    "fazenda": 5,
    "parent": 90,
    "nome": "TalhÒo 13.2",
    "descricao": null,
    "tipo_solo": null,
    "coordenadas_json": null,
    "area_hectares": "10.0000",
    "cultura_atual": "Soja",
    "ativo": true,
    "data_cadastro": "2025-12-27T03:16:17.536Z",
    "data_atualizacao": "2025-12-27T03:16:17.536Z"
  }
},
{
  "model": "core.talhao",
  "pk": 93,
  "fields": {
    "empresa": 3,
    "fazenda": 5,
    "parent": 90,
    "nome": "TalhÒo 13.3",
    "descricao": null,
    "tipo_solo": null,
    "coordenadas_json": null,
    "area_hectares": "10.0000",
    "cultura_atual": "Soja",
    "ativo": true,
    "data_cadastro": "2025-12-27T03:16:17.538Z",
    "data_atualizacao": "2025-12-27T03:16:17.538Z"
  }
},
{
  "model": "core.talhao",
  "pk": 94,
  "fields": {
    "empresa": 3,
    "fazenda": 5,
    "parent": 90,
    "nome": "TalhÒo 13.4",
    "descricao": null,
    "tipo_solo": null,
    "coordenadas_json": null,
    "area_hectares": "10.0000",
    "cultura_atual": "Soja",
    "ativo": true,
    "data_cadastro": "2025-12-27T03:16:17.540Z",
    "data_atualizacao": "2025-12-27T03:16:17.540Z"
  }
},
{
  "model": "core.talhao",
  "pk": 95,
  "fields": {
    "empresa": 3,
    "fazenda": 5,
    "parent": 90,
    "nome": "TalhÒo 13.5",
    "descricao": null,
    "tipo_solo": null,
    "coordenadas_json": null,
    "area_hectares": "10.0000",
    "cultura_atual": "Soja",
    "ativo": true,
    "data_cadastro": "2025-12-27T03:16:17.543Z",
    "data_atualizacao": "2025-12-27T03:16:17.543Z"
  }
},
{
  "model": "core.talhao",
  "pk": 96,
  "fields": {
    "empresa": 3,
    "fazenda": 5,
    "parent": null,
    "nome": "Gleba A-14",
    "descricao": null,
    "tipo_solo": null,
    "coordenadas_json": null,
    "area_hectares": "50.0000",
    "cultura_atual": "Soja",
    "ativo": true,
    "data_cadastro": "2025-12-27T03:16:17.545Z",
    "data_atualizacao": "2025-12-27T03:16:17.545Z"
  }
},
{
  "model": "core.talhao",
  "pk": 97,
  "fields": {
    "empresa": 3,
    "fazenda": 5,
    "parent": 96,
    "nome": "TalhÒo 14.1",
    "descricao": null,
    "tipo_solo": null,
    "coordenadas_json": null,
    "area_hectares": "10.0000",
    "cultura_atual": "Soja",
    "ativo": true,
    "data_cadastro": "2025-12-27T03:16:17.546Z",
    "data_atualizacao": "2025-12-27T03:16:17.546Z"
  }
},
{
  "model": "core.talhao",
  "pk": 98,
  "fields": {
    "empresa": 3,
    "fazenda": 5,
    "parent": 96,
    "nome": "TalhÒo 14.2",
    "descricao": null,
    "tipo_solo": null,
    "coordenadas_json": null,
    "area_hectares": "10.0000",
    "cultura_atual": "Soja",
    "ativo": true,
    "data_cadastro": "2025-12-27T03:16:17.548Z",
    "data_atualizacao": "2025-12-27T03:16:17.548Z"
  }
},
{
  "model": "core.talhao",
  "pk": 99,
  "fields": {
    "empresa": 3,
    "fazenda": 5,
    "parent": 96,
    "nome": "TalhÒo 14.3",
    "descricao": null,
    "tipo_solo": null,
    "coordenadas_json": null,
    "area_hectares": "10.0000",
    "cultura_atual": "Soja",
    "ativo": true,
    "data_cadastro": "2025-12-27T03:16:17.550Z",
    "data_atualizacao": "2025-12-27T03:16:17.550Z"
  }
},
{
  "model": "core.talhao",
  "pk": 100,
  "fields": {
    "empresa": 3,
    "fazenda": 5,
    "parent": 96,
    "nome": "TalhÒo 14.4",
    "descricao": null,
    "tipo_solo": null,
    "coordenadas_json": null,
    "area_hectares": "10.0000",
    "cultura_atual": "Soja",
    "ativo": true,
    "data_cadastro": "2025-12-27T03:16:17.551Z",
    "data_atualizacao": "2025-12-27T03:16:17.551Z"
  }
},
{
  "model": "core.talhao",
  "pk": 101,
  "fields": {
    "empresa": 3,
    "fazenda": 5,
    "parent": 96,
    "nome": "TalhÒo 14.5",
    "descricao": null,
    "tipo_solo": null,
    "coordenadas_json": null,
    "area_hectares": "10.0000",
    "cultura_atual": "Soja",
    "ativo": true,
    "data_cadastro": "2025-12-27T03:16:17.552Z",
    "data_atualizacao": "2025-12-27T03:16:17.552Z"
  }
},
{
  "model": "core.talhao",
  "pk": 102,
  "fields": {
    "empresa": 3,
    "fazenda": 5,
    "parent": null,
    "nome": "Gleba A-15",
    "descricao": null,
    "tipo_solo": null,
    "coordenadas_json": null,
    "area_hectares": "50.0000",
    "cultura_atual": "Soja",
    "ativo": true,
    "data_cadastro": "2025-12-27T03:16:17.553Z",
    "data_atualizacao": "2025-12-27T03:16:17.553Z"
  }
},
{
  "model": "core.talhao",
  "pk": 103,
  "fields": {
    "empresa": 3,
    "fazenda": 5,
    "parent": 102,
    "nome": "TalhÒo 15.1",
    "descricao": null,
    "tipo_solo": null,
    "coordenadas_json": null,
    "area_hectares": "10.0000",
    "cultura_atual": "Soja",
    "ativo": true,
    "data_cadastro": "2025-12-27T03:16:17.555Z",
    "data_atualizacao": "2025-12-27T03:16:17.555Z"
  }
},
{
  "model": "core.talhao",
  "pk": 104,
  "fields": {
    "empresa": 3,
    "fazenda": 5,
    "parent": 102,
    "nome": "TalhÒo 15.2",
    "descricao": null,
    "tipo_solo": null,
    "coordenadas_json": null,
    "area_hectares": "10.0000",
    "cultura_atual": "Soja",
    "ativo": true,
    "data_cadastro": "2025-12-27T03:16:17.556Z",
    "data_atualizacao": "2025-12-27T03:16:17.556Z"
  }
},
{
  "model": "core.talhao",
  "pk": 105,
  "fields": {
    "empresa": 3,
    "fazenda": 5,
    "parent": 102,
    "nome": "TalhÒo 15.3",
    "descricao": null,
    "tipo_solo": null,
    "coordenadas_json": null,
    "area_hectares": "10.0000",
    "cultura_atual": "Soja",
    "ativo": true,
    "data_cadastro": "2025-12-27T03:16:17.557Z",
    "data_atualizacao": "2025-12-27T03:16:17.557Z"
  }
},
{
  "model": "core.talhao",
  "pk": 106,
  "fields": {
    "empresa": 3,
    "fazenda": 5,
    "parent": 102,
    "nome": "TalhÒo 15.4",
    "descricao": null,
    "tipo_solo": null,
    "coordenadas_json": null,
    "area_hectares": "10.0000",
    "cultura_atual": "Soja",
    "ativo": true,
    "data_cadastro": "2025-12-27T03:16:17.560Z",
    "data_atualizacao": "2025-12-27T03:16:17.560Z"
  }
},
{
  "model": "core.talhao",
  "pk": 107,
  "fields": {
    "empresa": 3,
    "fazenda": 5,
    "parent": 102,
    "nome": "TalhÒo 15.5",
    "descricao": null,
    "tipo_solo": null,
    "coordenadas_json": null,
    "area_hectares": "10.0000",
    "cultura_atual": "Soja",
    "ativo": true,
    "data_cadastro": "2025-12-27T03:16:17.561Z",
    "data_atualizacao": "2025-12-27T03:16:17.561Z"
  }
},
{
  "model": "core.talhao",
  "pk": 108,
  "fields": {
    "empresa": 3,
    "fazenda": 5,
    "parent": null,
    "nome": "Gleba A-16",
    "descricao": null,
    "tipo_solo": null,
    "coordenadas_json": null,
    "area_hectares": "50.0000",
    "cultura_atual": "Soja",
    "ativo": true,
    "data_cadastro": "2025-12-27T03:16:17.563Z",
    "data_atualizacao": "2025-12-27T03:16:17.563Z"
  }
},
{
  "model": "core.talhao",
  "pk": 109,
  "fields": {
    "empresa": 3,
    "fazenda": 5,
    "parent": 108,
    "nome": "TalhÒo 16.1",
    "descricao": null,
    "tipo_solo": null,
    "coordenadas_json": null,
    "area_hectares": "10.0000",
    "cultura_atual": "Soja",
    "ativo": true,
    "data_cadastro": "2025-12-27T03:16:17.564Z",
    "data_atualizacao": "2025-12-27T03:16:17.564Z"
  }
},
{
  "model": "core.talhao",
  "pk": 110,
  "fields": {
    "empresa": 3,
    "fazenda": 5,
    "parent": 108,
    "nome": "TalhÒo 16.2",
    "descricao": null,
    "tipo_solo": null,
    "coordenadas_json": null,
    "area_hectares": "10.0000",
    "cultura_atual": "Soja",
    "ativo": true,
    "data_cadastro": "2025-12-27T03:16:17.566Z",
    "data_atualizacao": "2025-12-27T03:16:17.566Z"
  }
},
{
  "model": "core.talhao",
  "pk": 111,
  "fields": {
    "empresa": 3,
    "fazenda": 5,
    "parent": 108,
    "nome": "TalhÒo 16.3",
    "descricao": null,
    "tipo_solo": null,
    "coordenadas_json": null,
    "area_hectares": "10.0000",
    "cultura_atual": "Soja",
    "ativo": true,
    "data_cadastro": "2025-12-27T03:16:17.567Z",
    "data_atualizacao": "2025-12-27T03:16:17.567Z"
  }
},
{
  "model": "core.talhao",
  "pk": 112,
  "fields": {
    "empresa": 3,
    "fazenda": 5,
    "parent": 108,
    "nome": "TalhÒo 16.4",
    "descricao": null,
    "tipo_solo": null,
    "coordenadas_json": null,
    "area_hectares": "10.0000",
    "cultura_atual": "Soja",
    "ativo": true,
    "data_cadastro": "2025-12-27T03:16:17.569Z",
    "data_atualizacao": "2025-12-27T03:16:17.569Z"
  }
},
{
  "model": "core.talhao",
  "pk": 113,
  "fields": {
    "empresa": 3,
    "fazenda": 5,
    "parent": 108,
    "nome": "TalhÒo 16.5",
    "descricao": null,
    "tipo_solo": null,
    "coordenadas_json": null,
    "area_hectares": "10.0000",
    "cultura_atual": "Soja",
    "ativo": true,
    "data_cadastro": "2025-12-27T03:16:17.571Z",
    "data_atualizacao": "2025-12-27T03:16:17.571Z"
  }
},
{
  "model": "core.talhao",
  "pk": 114,
  "fields": {
    "empresa": 3,
    "fazenda": 5,
    "parent": null,
    "nome": "Gleba A-17",
    "descricao": null,
    "tipo_solo": null,
    "coordenadas_json": null,
    "area_hectares": "50.0000",
    "cultura_atual": "Soja",
    "ativo": true,
    "data_cadastro": "2025-12-27T03:16:17.573Z",
    "data_atualizacao": "2025-12-27T03:16:17.573Z"
  }
},
{
  "model": "core.talhao",
  "pk": 115,
  "fields": {
    "empresa": 3,
    "fazenda": 5,
    "parent": 114,
    "nome": "TalhÒo 17.1",
    "descricao": null,
    "tipo_solo": null,
    "coordenadas_json": null,
    "area_hectares": "10.0000",
    "cultura_atual": "Soja",
    "ativo": true,
    "data_cadastro": "2025-12-27T03:16:17.575Z",
    "data_atualizacao": "2025-12-27T03:16:17.575Z"
  }
},
{
  "model": "core.talhao",
  "pk": 116,
  "fields": {
    "empresa": 3,
    "fazenda": 5,
    "parent": 114,
    "nome": "TalhÒo 17.2",
    "descricao": null,
    "tipo_solo": null,
    "coordenadas_json": null,
    "area_hectares": "10.0000",
    "cultura_atual": "Soja",
    "ativo": true,
    "data_cadastro": "2025-12-27T03:16:17.578Z",
    "data_atualizacao": "2025-12-27T03:16:17.578Z"
  }
},
{
  "model": "core.talhao",
  "pk": 117,
  "fields": {
    "empresa": 3,
    "fazenda": 5,
    "parent": 114,
    "nome": "TalhÒo 17.3",
    "descricao": null,
    "tipo_solo": null,
    "coordenadas_json": null,
    "area_hectares": "10.0000",
    "cultura_atual": "Soja",
    "ativo": true,
    "data_cadastro": "2025-12-27T03:16:17.580Z",
    "data_atualizacao": "2025-12-27T03:16:17.580Z"
  }
},
{
  "model": "core.talhao",
  "pk": 118,
  "fields": {
    "empresa": 3,
    "fazenda": 5,
    "parent": 114,
    "nome": "TalhÒo 17.4",
    "descricao": null,
    "tipo_solo": null,
    "coordenadas_json": null,
    "area_hectares": "10.0000",
    "cultura_atual": "Soja",
    "ativo": true,
    "data_cadastro": "2025-12-27T03:16:17.581Z",
    "data_atualizacao": "2025-12-27T03:16:17.581Z"
  }
},
{
  "model": "core.talhao",
  "pk": 119,
  "fields": {
    "empresa": 3,
    "fazenda": 5,
    "parent": 114,
    "nome": "TalhÒo 17.5",
    "descricao": null,
    "tipo_solo": null,
    "coordenadas_json": null,
    "area_hectares": "10.0000",
    "cultura_atual": "Soja",
    "ativo": true,
    "data_cadastro": "2025-12-27T03:16:17.582Z",
    "data_atualizacao": "2025-12-27T03:16:17.582Z"
  }
},
{
  "model": "core.talhao",
  "pk": 120,
  "fields": {
    "empresa": 3,
    "fazenda": 5,
    "parent": null,
    "nome": "Gleba A-18",
    "descricao": null,
    "tipo_solo": null,
    "coordenadas_json": null,
    "area_hectares": "50.0000",
    "cultura_atual": "Soja",
    "ativo": true,
    "data_cadastro": "2025-12-27T03:16:17.585Z",
    "data_atualizacao": "2025-12-27T03:16:17.585Z"
  }
},
{
  "model": "core.talhao",
  "pk": 121,
  "fields": {
    "empresa": 3,
    "fazenda": 5,
    "parent": 120,
    "nome": "TalhÒo 18.1",
    "descricao": null,
    "tipo_solo": null,
    "coordenadas_json": null,
    "area_hectares": "10.0000",
    "cultura_atual": "Soja",
    "ativo": true,
    "data_cadastro": "2025-12-27T03:16:17.586Z",
    "data_atualizacao": "2025-12-27T03:16:17.586Z"
  }
},
{
  "model": "core.talhao",
  "pk": 122,
  "fields": {
    "empresa": 3,
    "fazenda": 5,
    "parent": 120,
    "nome": "TalhÒo 18.2",
    "descricao": null,
    "tipo_solo": null,
    "coordenadas_json": null,
    "area_hectares": "10.0000",
    "cultura_atual": "Soja",
    "ativo": true,
    "data_cadastro": "2025-12-27T03:16:17.587Z",
    "data_atualizacao": "2025-12-27T03:16:17.587Z"
  }
},
{
  "model": "core.talhao",
  "pk": 123,
  "fields": {
    "empresa": 3,
    "fazenda": 5,
    "parent": 120,
    "nome": "TalhÒo 18.3",
    "descricao": null,
    "tipo_solo": null,
    "coordenadas_json": null,
    "area_hectares": "10.0000",
    "cultura_atual": "Soja",
    "ativo": true,
    "data_cadastro": "2025-12-27T03:16:17.588Z",
    "data_atualizacao": "2025-12-27T03:16:17.588Z"
  }
},
{
  "model": "core.talhao",
  "pk": 124,
  "fields": {
    "empresa": 3,
    "fazenda": 5,
    "parent": 120,
    "nome": "TalhÒo 18.4",
    "descricao": null,
    "tipo_solo": null,
    "coordenadas_json": null,
    "area_hectares": "10.0000",
    "cultura_atual": "Soja",
    "ativo": true,
    "data_cadastro": "2025-12-27T03:16:17.590Z",
    "data_atualizacao": "2025-12-27T03:16:17.590Z"
  }
},
{
  "model": "core.talhao",
  "pk": 125,
  "fields": {
    "empresa": 3,
    "fazenda": 5,
    "parent": 120,
    "nome": "TalhÒo 18.5",
    "descricao": null,
    "tipo_solo": null,
    "coordenadas_json": null,
    "area_hectares": "10.0000",
    "cultura_atual": "Soja",
    "ativo": true,
    "data_cadastro": "2025-12-27T03:16:17.590Z",
    "data_atualizacao": "2025-12-27T03:16:17.590Z"
  }
},
{
  "model": "core.talhao",
  "pk": 126,
  "fields": {
    "empresa": 3,
    "fazenda": 5,
    "parent": null,
    "nome": "Gleba A-19",
    "descricao": null,
    "tipo_solo": null,
    "coordenadas_json": null,
    "area_hectares": "50.0000",
    "cultura_atual": "Soja",
    "ativo": true,
    "data_cadastro": "2025-12-27T03:16:17.592Z",
    "data_atualizacao": "2025-12-27T03:16:17.592Z"
  }
},
{
  "model": "core.talhao",
  "pk": 127,
  "fields": {
    "empresa": 3,
    "fazenda": 5,
    "parent": 126,
    "nome": "TalhÒo 19.1",
    "descricao": null,
    "tipo_solo": null,
    "coordenadas_json": null,
    "area_hectares": "10.0000",
    "cultura_atual": "Soja",
    "ativo": true,
    "data_cadastro": "2025-12-27T03:16:17.594Z",
    "data_atualizacao": "2025-12-27T03:16:17.594Z"
  }
},
{
  "model": "core.talhao",
  "pk": 128,
  "fields": {
    "empresa": 3,
    "fazenda": 5,
    "parent": 126,
    "nome": "TalhÒo 19.2",
    "descricao": null,
    "tipo_solo": null,
    "coordenadas_json": null,
    "area_hectares": "10.0000",
    "cultura_atual": "Soja",
    "ativo": true,
    "data_cadastro": "2025-12-27T03:16:17.594Z",
    "data_atualizacao": "2025-12-27T03:16:17.594Z"
  }
},
{
  "model": "core.talhao",
  "pk": 129,
  "fields": {
    "empresa": 3,
    "fazenda": 5,
    "parent": 126,
    "nome": "TalhÒo 19.3",
    "descricao": null,
    "tipo_solo": null,
    "coordenadas_json": null,
    "area_hectares": "10.0000",
    "cultura_atual": "Soja",
    "ativo": true,
    "data_cadastro": "2025-12-27T03:16:17.597Z",
    "data_atualizacao": "2025-12-27T03:16:17.597Z"
  }
},
{
  "model": "core.talhao",
  "pk": 130,
  "fields": {
    "empresa": 3,
    "fazenda": 5,
    "parent": 126,
    "nome": "TalhÒo 19.4",
    "descricao": null,
    "tipo_solo": null,
    "coordenadas_json": null,
    "area_hectares": "10.0000",
    "cultura_atual": "Soja",
    "ativo": true,
    "data_cadastro": "2025-12-27T03:16:17.598Z",
    "data_atualizacao": "2025-12-27T03:16:17.598Z"
  }
},
{
  "model": "core.talhao",
  "pk": 131,
  "fields": {
    "empresa": 3,
    "fazenda": 5,
    "parent": 126,
    "nome": "TalhÒo 19.5",
    "descricao": null,
    "tipo_solo": null,
    "coordenadas_json": null,
    "area_hectares": "10.0000",
    "cultura_atual": "Soja",
    "ativo": true,
    "data_cadastro": "2025-12-27T03:16:17.600Z",
    "data_atualizacao": "2025-12-27T03:16:17.600Z"
  }
},
{
  "model": "core.talhao",
  "pk": 132,
  "fields": {
    "empresa": 3,
    "fazenda": 5,
    "parent": null,
    "nome": "Gleba A-20",
    "descricao": null,
    "tipo_solo": null,
    "coordenadas_json": null,
    "area_hectares": "50.0000",
    "cultura_atual": "Soja",
    "ativo": true,
    "data_cadastro": "2025-12-27T03:16:17.602Z",
    "data_atualizacao": "2025-12-27T03:16:17.602Z"
  }
},
{
  "model": "core.talhao",
  "pk": 133,
  "fields": {
    "empresa": 3,
    "fazenda": 5,
    "parent": 132,
    "nome": "TalhÒo 20.1",
    "descricao": null,
    "tipo_solo": null,
    "coordenadas_json": null,
    "area_hectares": "10.0000",
    "cultura_atual": "Soja",
    "ativo": true,
    "data_cadastro": "2025-12-27T03:16:17.603Z",
    "data_atualizacao": "2025-12-27T03:16:17.603Z"
  }
},
{
  "model": "core.talhao",
  "pk": 134,
  "fields": {
    "empresa": 3,
    "fazenda": 5,
    "parent": 132,
    "nome": "TalhÒo 20.2",
    "descricao": null,
    "tipo_solo": null,
    "coordenadas_json": null,
    "area_hectares": "10.0000",
    "cultura_atual": "Soja",
    "ativo": true,
    "data_cadastro": "2025-12-27T03:16:17.604Z",
    "data_atualizacao": "2025-12-27T03:16:17.604Z"
  }
},
{
  "model": "core.talhao",
  "pk": 135,
  "fields": {
    "empresa": 3,
    "fazenda": 5,
    "parent": 132,
    "nome": "TalhÒo 20.3",
    "descricao": null,
    "tipo_solo": null,
    "coordenadas_json": null,
    "area_hectares": "10.0000",
    "cultura_atual": "Soja",
    "ativo": true,
    "data_cadastro": "2025-12-27T03:16:17.606Z",
    "data_atualizacao": "2025-12-27T03:16:17.606Z"
  }
},
{
  "model": "core.talhao",
  "pk": 136,
  "fields": {
    "empresa": 3,
    "fazenda": 5,
    "parent": 132,
    "nome": "TalhÒo 20.4",
    "descricao": null,
    "tipo_solo": null,
    "coordenadas_json": null,
    "area_hectares": "10.0000",
    "cultura_atual": "Soja",
    "ativo": true,
    "data_cadastro": "2025-12-27T03:16:17.607Z",
    "data_atualizacao": "2025-12-27T03:16:17.607Z"
  }
},
{
  "model": "core.talhao",
  "pk": 137,
  "fields": {
    "empresa": 3,
    "fazenda": 5,
    "parent": 132,
    "nome": "TalhÒo 20.5",
    "descricao": null,
    "tipo_solo": null,
    "coordenadas_json": null,
    "area_hectares": "10.0000",
    "cultura_atual": "Soja",
    "ativo": true,
    "data_cadastro": "2025-12-27T03:16:17.609Z",
    "data_atualizacao": "2025-12-27T03:16:17.609Z"
  }
},
{
  "model": "core.talhao",
  "pk": 138,
  "fields": {
    "empresa": 3,
    "fazenda": 6,
    "parent": null,
    "nome": "M¾dulo B-01",
    "descricao": null,
    "tipo_solo": null,
    "coordenadas_json": null,
    "area_hectares": "120.0000",
    "cultura_atual": "Milho",
    "ativo": true,
    "data_cadastro": "2025-12-27T03:16:17.618Z",
    "data_atualizacao": "2025-12-27T03:16:17.618Z"
  }
},
{
  "model": "core.talhao",
  "pk": 140,
  "fields": {
    "empresa": 3,
    "fazenda": 6,
    "parent": 138,
    "nome": "Parcela 1.02",
    "descricao": null,
    "tipo_solo": null,
    "coordenadas_json": null,
    "area_hectares": "10.0000",
    "cultura_atual": "Milho",
    "ativo": true,
    "data_cadastro": "2025-12-27T03:16:17.626Z",
    "data_atualizacao": "2025-12-27T03:16:17.626Z"
  }
},
{
  "model": "core.talhao",
  "pk": 141,
  "fields": {
    "empresa": 3,
    "fazenda": 6,
    "parent": 138,
    "nome": "Parcela 1.03",
    "descricao": null,
    "tipo_solo": null,
    "coordenadas_json": null,
    "area_hectares": "10.0000",
    "cultura_atual": "Milho",
    "ativo": true,
    "data_cadastro": "2025-12-27T03:16:17.627Z",
    "data_atualizacao": "2025-12-27T03:16:17.627Z"
  }
},
{
  "model": "core.talhao",
  "pk": 142,
  "fields": {
    "empresa": 3,
    "fazenda": 6,
    "parent": 138,
    "nome": "Parcela 1.04",
    "descricao": null,
    "tipo_solo": null,
    "coordenadas_json": null,
    "area_hectares": "10.0000",
    "cultura_atual": "Milho",
    "ativo": true,
    "data_cadastro": "2025-12-27T03:16:17.629Z",
    "data_atualizacao": "2025-12-27T03:16:17.629Z"
  }
},
{
  "model": "core.talhao",
  "pk": 143,
  "fields": {
    "empresa": 3,
    "fazenda": 6,
    "parent": 138,
    "nome": "Parcela 1.05",
    "descricao": null,
    "tipo_solo": null,
    "coordenadas_json": null,
    "area_hectares": "10.0000",
    "cultura_atual": "Milho",
    "ativo": true,
    "data_cadastro": "2025-12-27T03:16:17.630Z",
    "data_atualizacao": "2025-12-27T03:16:17.630Z"
  }
},
{
  "model": "core.talhao",
  "pk": 144,
  "fields": {
    "empresa": 3,
    "fazenda": 6,
    "parent": 138,
    "nome": "Parcela 1.06",
    "descricao": null,
    "tipo_solo": null,
    "coordenadas_json": null,
    "area_hectares": "10.0000",
    "cultura_atual": "Milho",
    "ativo": true,
    "data_cadastro": "2025-12-27T03:16:17.631Z",
    "data_atualizacao": "2025-12-27T03:16:17.631Z"
  }
},
{
  "model": "core.talhao",
  "pk": 145,
  "fields": {
    "empresa": 3,
    "fazenda": 6,
    "parent": 138,
    "nome": "Parcela 1.07",
    "descricao": null,
    "tipo_solo": null,
    "coordenadas_json": null,
    "area_hectares": "10.0000",
    "cultura_atual": "Milho",
    "ativo": true,
    "data_cadastro": "2025-12-27T03:16:17.632Z",
    "data_atualizacao": "2025-12-27T03:16:17.632Z"
  }
},
{
  "model": "core.talhao",
  "pk": 146,
  "fields": {
    "empresa": 3,
    "fazenda": 6,
    "parent": 138,
    "nome": "Parcela 1.08",
    "descricao": null,
    "tipo_solo": null,
    "coordenadas_json": null,
    "area_hectares": "10.0000",
    "cultura_atual": "Milho",
    "ativo": true,
    "data_cadastro": "2025-12-27T03:16:17.633Z",
    "data_atualizacao": "2025-12-27T03:16:17.633Z"
  }
},
{
  "model": "core.talhao",
  "pk": 147,
  "fields": {
    "empresa": 3,
    "fazenda": 6,
    "parent": 138,
    "nome": "Parcela 1.09",
    "descricao": null,
    "tipo_solo": null,
    "coordenadas_json": null,
    "area_hectares": "10.0000",
    "cultura_atual": "Milho",
    "ativo": true,
    "data_cadastro": "2025-12-27T03:16:17.634Z",
    "data_atualizacao": "2025-12-27T03:16:17.634Z"
  }
},
{
  "model": "core.talhao",
  "pk": 148,
  "fields": {
    "empresa": 3,
    "fazenda": 6,
    "parent": 138,
    "nome": "Parcela 1.10",
    "descricao": null,
    "tipo_solo": null,
    "coordenadas_json": null,
    "area_hectares": "10.0000",
    "cultura_atual": "Milho",
    "ativo": true,
    "data_cadastro": "2025-12-27T03:16:17.636Z",
    "data_atualizacao": "2025-12-27T03:16:17.636Z"
  }
},
{
  "model": "core.talhao",
  "pk": 149,
  "fields": {
    "empresa": 3,
    "fazenda": 6,
    "parent": 138,
    "nome": "Parcela 1.11",
    "descricao": null,
    "tipo_solo": null,
    "coordenadas_json": null,
    "area_hectares": "10.0000",
    "cultura_atual": "Milho",
    "ativo": true,
    "data_cadastro": "2025-12-27T03:16:17.637Z",
    "data_atualizacao": "2025-12-27T03:16:17.637Z"
  }
},
{
  "model": "core.talhao",
  "pk": 150,
  "fields": {
    "empresa": 3,
    "fazenda": 6,
    "parent": 138,
    "nome": "Parcela 1.12",
    "descricao": null,
    "tipo_solo": null,
    "coordenadas_json": null,
    "area_hectares": "10.0000",
    "cultura_atual": "Milho",
    "ativo": true,
    "data_cadastro": "2025-12-27T03:16:17.638Z",
    "data_atualizacao": "2025-12-27T03:16:17.638Z"
  }
},
{
  "model": "core.talhao",
  "pk": 151,
  "fields": {
    "empresa": 3,
    "fazenda": 6,
    "parent": null,
    "nome": "M¾dulo B-02",
    "descricao": null,
    "tipo_solo": null,
    "coordenadas_json": null,
    "area_hectares": "120.0000",
    "cultura_atual": "Milho",
    "ativo": true,
    "data_cadastro": "2025-12-27T03:16:17.640Z",
    "data_atualizacao": "2025-12-27T03:16:17.640Z"
  }
},
{
  "model": "core.talhao",
  "pk": 152,
  "fields": {
    "empresa": 3,
    "fazenda": 6,
    "parent": 151,
    "nome": "Parcela 2.01",
    "descricao": null,
    "tipo_solo": null,
    "coordenadas_json": null,
    "area_hectares": "10.0000",
    "cultura_atual": "Milho",
    "ativo": true,
    "data_cadastro": "2025-12-27T03:16:17.642Z",
    "data_atualizacao": "2025-12-27T03:16:17.642Z"
  }
},
{
  "model": "core.talhao",
  "pk": 153,
  "fields": {
    "empresa": 3,
    "fazenda": 6,
    "parent": 151,
    "nome": "Parcela 2.02",
    "descricao": null,
    "tipo_solo": null,
    "coordenadas_json": null,
    "area_hectares": "10.0000",
    "cultura_atual": "Milho",
    "ativo": true,
    "data_cadastro": "2025-12-27T03:16:17.644Z",
    "data_atualizacao": "2025-12-27T03:16:17.644Z"
  }
},
{
  "model": "core.talhao",
  "pk": 154,
  "fields": {
    "empresa": 3,
    "fazenda": 6,
    "parent": 151,
    "nome": "Parcela 2.03",
    "descricao": null,
    "tipo_solo": null,
    "coordenadas_json": null,
    "area_hectares": "10.0000",
    "cultura_atual": "Milho",
    "ativo": true,
    "data_cadastro": "2025-12-27T03:16:17.645Z",
    "data_atualizacao": "2025-12-27T03:16:17.645Z"
  }
},
{
  "model": "core.talhao",
  "pk": 155,
  "fields": {
    "empresa": 3,
    "fazenda": 6,
    "parent": 151,
    "nome": "Parcela 2.04",
    "descricao": null,
    "tipo_solo": null,
    "coordenadas_json": null,
    "area_hectares": "10.0000",
    "cultura_atual": "Milho",
    "ativo": true,
    "data_cadastro": "2025-12-27T03:16:17.647Z",
    "data_atualizacao": "2025-12-27T03:16:17.647Z"
  }
},
{
  "model": "core.talhao",
  "pk": 156,
  "fields": {
    "empresa": 3,
    "fazenda": 6,
    "parent": 151,
    "nome": "Parcela 2.05",
    "descricao": null,
    "tipo_solo": null,
    "coordenadas_json": null,
    "area_hectares": "10.0000",
    "cultura_atual": "Milho",
    "ativo": true,
    "data_cadastro": "2025-12-27T03:16:17.647Z",
    "data_atualizacao": "2025-12-27T03:16:17.647Z"
  }
},
{
  "model": "core.talhao",
  "pk": 157,
  "fields": {
    "empresa": 3,
    "fazenda": 6,
    "parent": 151,
    "nome": "Parcela 2.06",
    "descricao": null,
    "tipo_solo": null,
    "coordenadas_json": null,
    "area_hectares": "10.0000",
    "cultura_atual": "Milho",
    "ativo": true,
    "data_cadastro": "2025-12-27T03:16:17.650Z",
    "data_atualizacao": "2025-12-27T03:16:17.650Z"
  }
},
{
  "model": "core.talhao",
  "pk": 158,
  "fields": {
    "empresa": 3,
    "fazenda": 6,
    "parent": 151,
    "nome": "Parcela 2.07",
    "descricao": null,
    "tipo_solo": null,
    "coordenadas_json": null,
    "area_hectares": "10.0000",
    "cultura_atual": "Milho",
    "ativo": true,
    "data_cadastro": "2025-12-27T03:16:17.652Z",
    "data_atualizacao": "2025-12-27T03:16:17.652Z"
  }
},
{
  "model": "core.talhao",
  "pk": 159,
  "fields": {
    "empresa": 3,
    "fazenda": 6,
    "parent": 151,
    "nome": "Parcela 2.08",
    "descricao": null,
    "tipo_solo": null,
    "coordenadas_json": null,
    "area_hectares": "10.0000",
    "cultura_atual": "Milho",
    "ativo": true,
    "data_cadastro": "2025-12-27T03:16:17.654Z",
    "data_atualizacao": "2025-12-27T03:16:17.654Z"
  }
},
{
  "model": "core.talhao",
  "pk": 160,
  "fields": {
    "empresa": 3,
    "fazenda": 6,
    "parent": 151,
    "nome": "Parcela 2.09",
    "descricao": null,
    "tipo_solo": null,
    "coordenadas_json": null,
    "area_hectares": "10.0000",
    "cultura_atual": "Milho",
    "ativo": true,
    "data_cadastro": "2025-12-27T03:16:17.657Z",
    "data_atualizacao": "2025-12-27T03:16:17.657Z"
  }
},
{
  "model": "core.talhao",
  "pk": 161,
  "fields": {
    "empresa": 3,
    "fazenda": 6,
    "parent": 151,
    "nome": "Parcela 2.10",
    "descricao": null,
    "tipo_solo": null,
    "coordenadas_json": null,
    "area_hectares": "10.0000",
    "cultura_atual": "Milho",
    "ativo": true,
    "data_cadastro": "2025-12-27T03:16:17.659Z",
    "data_atualizacao": "2025-12-27T03:16:17.659Z"
  }
},
{
  "model": "core.talhao",
  "pk": 162,
  "fields": {
    "empresa": 3,
    "fazenda": 6,
    "parent": 151,
    "nome": "Parcela 2.11",
    "descricao": null,
    "tipo_solo": null,
    "coordenadas_json": null,
    "area_hectares": "10.0000",
    "cultura_atual": "Milho",
    "ativo": true,
    "data_cadastro": "2025-12-27T03:16:17.661Z",
    "data_atualizacao": "2025-12-27T03:16:17.661Z"
  }
},
{
  "model": "core.talhao",
  "pk": 163,
  "fields": {
    "empresa": 3,
    "fazenda": 6,
    "parent": 151,
    "nome": "Parcela 2.12",
    "descricao": null,
    "tipo_solo": null,
    "coordenadas_json": null,
    "area_hectares": "10.0000",
    "cultura_atual": "Milho",
    "ativo": true,
    "data_cadastro": "2025-12-27T03:16:17.663Z",
    "data_atualizacao": "2025-12-27T03:16:17.663Z"
  }
},
{
  "model": "core.talhao",
  "pk": 164,
  "fields": {
    "empresa": 3,
    "fazenda": 6,
    "parent": null,
    "nome": "M¾dulo B-03",
    "descricao": null,
    "tipo_solo": null,
    "coordenadas_json": null,
    "area_hectares": "120.0000",
    "cultura_atual": "Milho",
    "ativo": true,
    "data_cadastro": "2025-12-27T03:16:17.665Z",
    "data_atualizacao": "2025-12-27T03:16:17.665Z"
  }
},
{
  "model": "core.talhao",
  "pk": 165,
  "fields": {
    "empresa": 3,
    "fazenda": 6,
    "parent": 164,
    "nome": "Parcela 3.01",
    "descricao": null,
    "tipo_solo": null,
    "coordenadas_json": null,
    "area_hectares": "10.0000",
    "cultura_atual": "Milho",
    "ativo": true,
    "data_cadastro": "2025-12-27T03:16:17.665Z",
    "data_atualizacao": "2025-12-27T03:16:17.665Z"
  }
},
{
  "model": "core.talhao",
  "pk": 166,
  "fields": {
    "empresa": 3,
    "fazenda": 6,
    "parent": 164,
    "nome": "Parcela 3.02",
    "descricao": null,
    "tipo_solo": null,
    "coordenadas_json": null,
    "area_hectares": "10.0000",
    "cultura_atual": "Milho",
    "ativo": true,
    "data_cadastro": "2025-12-27T03:16:17.668Z",
    "data_atualizacao": "2025-12-27T03:16:17.668Z"
  }
},
{
  "model": "core.talhao",
  "pk": 167,
  "fields": {
    "empresa": 3,
    "fazenda": 6,
    "parent": 164,
    "nome": "Parcela 3.03",
    "descricao": null,
    "tipo_solo": null,
    "coordenadas_json": null,
    "area_hectares": "10.0000",
    "cultura_atual": "Milho",
    "ativo": true,
    "data_cadastro": "2025-12-27T03:16:17.669Z",
    "data_atualizacao": "2025-12-27T03:16:17.669Z"
  }
},
{
  "model": "core.talhao",
  "pk": 168,
  "fields": {
    "empresa": 3,
    "fazenda": 6,
    "parent": 164,
    "nome": "Parcela 3.04",
    "descricao": null,
    "tipo_solo": null,
    "coordenadas_json": null,
    "area_hectares": "10.0000",
    "cultura_atual": "Milho",
    "ativo": true,
    "data_cadastro": "2025-12-27T03:16:17.671Z",
    "data_atualizacao": "2025-12-27T03:16:17.671Z"
  }
},
{
  "model": "core.talhao",
  "pk": 169,
  "fields": {
    "empresa": 3,
    "fazenda": 6,
    "parent": 164,
    "nome": "Parcela 3.05",
    "descricao": null,
    "tipo_solo": null,
    "coordenadas_json": null,
    "area_hectares": "10.0000",
    "cultura_atual": "Milho",
    "ativo": true,
    "data_cadastro": "2025-12-27T03:16:17.673Z",
    "data_atualizacao": "2025-12-27T03:16:17.673Z"
  }
},
{
  "model": "core.talhao",
  "pk": 170,
  "fields": {
    "empresa": 3,
    "fazenda": 6,
    "parent": 164,
    "nome": "Parcela 3.06",
    "descricao": null,
    "tipo_solo": null,
    "coordenadas_json": null,
    "area_hectares": "10.0000",
    "cultura_atual": "Milho",
    "ativo": true,
    "data_cadastro": "2025-12-27T03:16:17.674Z",
    "data_atualizacao": "2025-12-27T03:16:17.674Z"
  }
},
{
  "model": "core.talhao",
  "pk": 171,
  "fields": {
    "empresa": 3,
    "fazenda": 6,
    "parent": 164,
    "nome": "Parcela 3.07",
    "descricao": null,
    "tipo_solo": null,
    "coordenadas_json": null,
    "area_hectares": "10.0000",
    "cultura_atual": "Milho",
    "ativo": true,
    "data_cadastro": "2025-12-27T03:16:17.675Z",
    "data_atualizacao": "2025-12-27T03:16:17.675Z"
  }
},
{
  "model": "core.talhao",
  "pk": 172,
  "fields": {
    "empresa": 3,
    "fazenda": 6,
    "parent": 164,
    "nome": "Parcela 3.08",
    "descricao": null,
    "tipo_solo": null,
    "coordenadas_json": null,
    "area_hectares": "10.0000",
    "cultura_atual": "Milho",
    "ativo": true,
    "data_cadastro": "2025-12-27T03:16:17.677Z",
    "data_atualizacao": "2025-12-27T03:16:17.677Z"
  }
},
{
  "model": "core.talhao",
  "pk": 173,
  "fields": {
    "empresa": 3,
    "fazenda": 6,
    "parent": 164,
    "nome": "Parcela 3.09",
    "descricao": null,
    "tipo_solo": null,
    "coordenadas_json": null,
    "area_hectares": "10.0000",
    "cultura_atual": "Milho",
    "ativo": true,
    "data_cadastro": "2025-12-27T03:16:17.678Z",
    "data_atualizacao": "2025-12-27T03:16:17.678Z"
  }
},
{
  "model": "core.talhao",
  "pk": 174,
  "fields": {
    "empresa": 3,
    "fazenda": 6,
    "parent": 164,
    "nome": "Parcela 3.10",
    "descricao": null,
    "tipo_solo": null,
    "coordenadas_json": null,
    "area_hectares": "10.0000",
    "cultura_atual": "Milho",
    "ativo": true,
    "data_cadastro": "2025-12-27T03:16:17.680Z",
    "data_atualizacao": "2025-12-27T03:16:17.680Z"
  }
},
{
  "model": "core.talhao",
  "pk": 175,
  "fields": {
    "empresa": 3,
    "fazenda": 6,
    "parent": 164,
    "nome": "Parcela 3.11",
    "descricao": null,
    "tipo_solo": null,
    "coordenadas_json": null,
    "area_hectares": "10.0000",
    "cultura_atual": "Milho",
    "ativo": true,
    "data_cadastro": "2025-12-27T03:16:17.681Z",
    "data_atualizacao": "2025-12-27T03:16:17.681Z"
  }
},
{
  "model": "core.talhao",
  "pk": 176,
  "fields": {
    "empresa": 3,
    "fazenda": 6,
    "parent": 164,
    "nome": "Parcela 3.12",
    "descricao": null,
    "tipo_solo": null,
    "coordenadas_json": null,
    "area_hectares": "10.0000",
    "cultura_atual": "Milho",
    "ativo": true,
    "data_cadastro": "2025-12-27T03:16:17.683Z",
    "data_atualizacao": "2025-12-27T03:16:17.683Z"
  }
},
{
  "model": "core.talhao",
  "pk": 177,
  "fields": {
    "empresa": 3,
    "fazenda": 6,
    "parent": null,
    "nome": "M¾dulo B-04",
    "descricao": null,
    "tipo_solo": null,
    "coordenadas_json": null,
    "area_hectares": "120.0000",
    "cultura_atual": "Milho",
    "ativo": true,
    "data_cadastro": "2025-12-27T03:16:17.684Z",
    "data_atualizacao": "2025-12-27T03:16:17.684Z"
  }
},
{
  "model": "core.talhao",
  "pk": 178,
  "fields": {
    "empresa": 3,
    "fazenda": 6,
    "parent": 177,
    "nome": "Parcela 4.01",
    "descricao": null,
    "tipo_solo": null,
    "coordenadas_json": null,
    "area_hectares": "10.0000",
    "cultura_atual": "Milho",
    "ativo": true,
    "data_cadastro": "2025-12-27T03:16:17.685Z",
    "data_atualizacao": "2025-12-27T03:16:17.685Z"
  }
},
{
  "model": "core.talhao",
  "pk": 179,
  "fields": {
    "empresa": 3,
    "fazenda": 6,
    "parent": 177,
    "nome": "Parcela 4.02",
    "descricao": null,
    "tipo_solo": null,
    "coordenadas_json": null,
    "area_hectares": "10.0000",
    "cultura_atual": "Milho",
    "ativo": true,
    "data_cadastro": "2025-12-27T03:16:17.687Z",
    "data_atualizacao": "2025-12-27T03:16:17.687Z"
  }
},
{
  "model": "core.talhao",
  "pk": 180,
  "fields": {
    "empresa": 3,
    "fazenda": 6,
    "parent": 177,
    "nome": "Parcela 4.03",
    "descricao": null,
    "tipo_solo": null,
    "coordenadas_json": null,
    "area_hectares": "10.0000",
    "cultura_atual": "Milho",
    "ativo": true,
    "data_cadastro": "2025-12-27T03:16:17.688Z",
    "data_atualizacao": "2025-12-27T03:16:17.688Z"
  }
},
{
  "model": "core.talhao",
  "pk": 181,
  "fields": {
    "empresa": 3,
    "fazenda": 6,
    "parent": 177,
    "nome": "Parcela 4.04",
    "descricao": null,
    "tipo_solo": null,
    "coordenadas_json": null,
    "area_hectares": "10.0000",
    "cultura_atual": "Milho",
    "ativo": true,
    "data_cadastro": "2025-12-27T03:16:17.690Z",
    "data_atualizacao": "2025-12-27T03:16:17.690Z"
  }
},
{
  "model": "core.talhao",
  "pk": 182,
  "fields": {
    "empresa": 3,
    "fazenda": 6,
    "parent": 177,
    "nome": "Parcela 4.05",
    "descricao": null,
    "tipo_solo": null,
    "coordenadas_json": null,
    "area_hectares": "10.0000",
    "cultura_atual": "Milho",
    "ativo": true,
    "data_cadastro": "2025-12-27T03:16:17.693Z",
    "data_atualizacao": "2025-12-27T03:16:17.693Z"
  }
},
{
  "model": "core.talhao",
  "pk": 183,
  "fields": {
    "empresa": 3,
    "fazenda": 6,
    "parent": 177,
    "nome": "Parcela 4.06",
    "descricao": null,
    "tipo_solo": null,
    "coordenadas_json": null,
    "area_hectares": "10.0000",
    "cultura_atual": "Milho",
    "ativo": true,
    "data_cadastro": "2025-12-27T03:16:17.695Z",
    "data_atualizacao": "2025-12-27T03:16:17.695Z"
  }
},
{
  "model": "core.talhao",
  "pk": 184,
  "fields": {
    "empresa": 3,
    "fazenda": 6,
    "parent": 177,
    "nome": "Parcela 4.07",
    "descricao": null,
    "tipo_solo": null,
    "coordenadas_json": null,
    "area_hectares": "10.0000",
    "cultura_atual": "Milho",
    "ativo": true,
    "data_cadastro": "2025-12-27T03:16:17.697Z",
    "data_atualizacao": "2025-12-27T03:16:17.697Z"
  }
},
{
  "model": "core.talhao",
  "pk": 185,
  "fields": {
    "empresa": 3,
    "fazenda": 6,
    "parent": 177,
    "nome": "Parcela 4.08",
    "descricao": null,
    "tipo_solo": null,
    "coordenadas_json": null,
    "area_hectares": "10.0000",
    "cultura_atual": "Milho",
    "ativo": true,
    "data_cadastro": "2025-12-27T03:16:17.698Z",
    "data_atualizacao": "2025-12-27T03:16:17.698Z"
  }
},
{
  "model": "core.talhao",
  "pk": 186,
  "fields": {
    "empresa": 3,
    "fazenda": 6,
    "parent": 177,
    "nome": "Parcela 4.09",
    "descricao": null,
    "tipo_solo": null,
    "coordenadas_json": null,
    "area_hectares": "10.0000",
    "cultura_atual": "Milho",
    "ativo": true,
    "data_cadastro": "2025-12-27T03:16:17.700Z",
    "data_atualizacao": "2025-12-27T03:16:17.700Z"
  }
},
{
  "model": "core.talhao",
  "pk": 187,
  "fields": {
    "empresa": 3,
    "fazenda": 6,
    "parent": 177,
    "nome": "Parcela 4.10",
    "descricao": null,
    "tipo_solo": null,
    "coordenadas_json": null,
    "area_hectares": "10.0000",
    "cultura_atual": "Milho",
    "ativo": true,
    "data_cadastro": "2025-12-27T03:16:17.701Z",
    "data_atualizacao": "2025-12-27T03:16:17.701Z"
  }
},
{
  "model": "core.talhao",
  "pk": 188,
  "fields": {
    "empresa": 3,
    "fazenda": 6,
    "parent": 177,
    "nome": "Parcela 4.11",
    "descricao": null,
    "tipo_solo": null,
    "coordenadas_json": null,
    "area_hectares": "10.0000",
    "cultura_atual": "Milho",
    "ativo": true,
    "data_cadastro": "2025-12-27T03:16:17.702Z",
    "data_atualizacao": "2025-12-27T03:16:17.702Z"
  }
},
{
  "model": "core.talhao",
  "pk": 189,
  "fields": {
    "empresa": 3,
    "fazenda": 6,
    "parent": 177,
    "nome": "Parcela 4.12",
    "descricao": null,
    "tipo_solo": null,
    "coordenadas_json": null,
    "area_hectares": "10.0000",
    "cultura_atual": "Milho",
    "ativo": true,
    "data_cadastro": "2025-12-27T03:16:17.704Z",
    "data_atualizacao": "2025-12-27T03:16:17.704Z"
  }
},
{
  "model": "core.talhao",
  "pk": 190,
  "fields": {
    "empresa": 3,
    "fazenda": 6,
    "parent": null,
    "nome": "M¾dulo B-05",
    "descricao": null,
    "tipo_solo": null,
    "coordenadas_json": null,
    "area_hectares": "120.0000",
    "cultura_atual": "Milho",
    "ativo": true,
    "data_cadastro": "2025-12-27T03:16:17.705Z",
    "data_atualizacao": "2025-12-27T03:16:17.705Z"
  }
},
{
  "model": "core.talhao",
  "pk": 191,
  "fields": {
    "empresa": 3,
    "fazenda": 6,
    "parent": 190,
    "nome": "Parcela 5.01",
    "descricao": null,
    "tipo_solo": null,
    "coordenadas_json": null,
    "area_hectares": "10.0000",
    "cultura_atual": "Milho",
    "ativo": true,
    "data_cadastro": "2025-12-27T03:16:17.706Z",
    "data_atualizacao": "2025-12-27T03:16:17.706Z"
  }
},
{
  "model": "core.talhao",
  "pk": 192,
  "fields": {
    "empresa": 3,
    "fazenda": 6,
    "parent": 190,
    "nome": "Parcela 5.02",
    "descricao": null,
    "tipo_solo": null,
    "coordenadas_json": null,
    "area_hectares": "10.0000",
    "cultura_atual": "Milho",
    "ativo": true,
    "data_cadastro": "2025-12-27T03:16:17.707Z",
    "data_atualizacao": "2025-12-27T03:16:17.709Z"
  }
},
{
  "model": "core.talhao",
  "pk": 193,
  "fields": {
    "empresa": 3,
    "fazenda": 6,
    "parent": 190,
    "nome": "Parcela 5.03",
    "descricao": null,
    "tipo_solo": null,
    "coordenadas_json": null,
    "area_hectares": "10.0000",
    "cultura_atual": "Milho",
    "ativo": true,
    "data_cadastro": "2025-12-27T03:16:17.710Z",
    "data_atualizacao": "2025-12-27T03:16:17.710Z"
  }
},
{
  "model": "core.talhao",
  "pk": 194,
  "fields": {
    "empresa": 3,
    "fazenda": 6,
    "parent": 190,
    "nome": "Parcela 5.04",
    "descricao": null,
    "tipo_solo": null,
    "coordenadas_json": null,
    "area_hectares": "10.0000",
    "cultura_atual": "Milho",
    "ativo": true,
    "data_cadastro": "2025-12-27T03:16:17.712Z",
    "data_atualizacao": "2025-12-27T03:16:17.712Z"
  }
},
{
  "model": "core.talhao",
  "pk": 195,
  "fields": {
    "empresa": 3,
    "fazenda": 6,
    "parent": 190,
    "nome": "Parcela 5.05",
    "descricao": null,
    "tipo_solo": null,
    "coordenadas_json": null,
    "area_hectares": "10.0000",
    "cultura_atual": "Milho",
    "ativo": true,
    "data_cadastro": "2025-12-27T03:16:17.713Z",
    "data_atualizacao": "2025-12-27T03:16:17.713Z"
  }
},
{
  "model": "core.talhao",
  "pk": 196,
  "fields": {
    "empresa": 3,
    "fazenda": 6,
    "parent": 190,
    "nome": "Parcela 5.06",
    "descricao": null,
    "tipo_solo": null,
    "coordenadas_json": null,
    "area_hectares": "10.0000",
    "cultura_atual": "Milho",
    "ativo": true,
    "data_cadastro": "2025-12-27T03:16:17.714Z",
    "data_atualizacao": "2025-12-27T03:16:17.714Z"
  }
},
{
  "model": "core.talhao",
  "pk": 197,
  "fields": {
    "empresa": 3,
    "fazenda": 6,
    "parent": 190,
    "nome": "Parcela 5.07",
    "descricao": null,
    "tipo_solo": null,
    "coordenadas_json": null,
    "area_hectares": "10.0000",
    "cultura_atual": "Milho",
    "ativo": true,
    "data_cadastro": "2025-12-27T03:16:17.715Z",
    "data_atualizacao": "2025-12-27T03:16:17.715Z"
  }
},
{
  "model": "core.talhao",
  "pk": 198,
  "fields": {
    "empresa": 3,
    "fazenda": 6,
    "parent": 190,
    "nome": "Parcela 5.08",
    "descricao": null,
    "tipo_solo": null,
    "coordenadas_json": null,
    "area_hectares": "10.0000",
    "cultura_atual": "Milho",
    "ativo": true,
    "data_cadastro": "2025-12-27T03:16:17.717Z",
    "data_atualizacao": "2025-12-27T03:16:17.717Z"
  }
},
{
  "model": "core.talhao",
  "pk": 199,
  "fields": {
    "empresa": 3,
    "fazenda": 6,
    "parent": 190,
    "nome": "Parcela 5.09",
    "descricao": null,
    "tipo_solo": null,
    "coordenadas_json": null,
    "area_hectares": "10.0000",
    "cultura_atual": "Milho",
    "ativo": true,
    "data_cadastro": "2025-12-27T03:16:17.718Z",
    "data_atualizacao": "2025-12-27T03:16:17.718Z"
  }
},
{
  "model": "core.talhao",
  "pk": 200,
  "fields": {
    "empresa": 3,
    "fazenda": 6,
    "parent": 190,
    "nome": "Parcela 5.10",
    "descricao": null,
    "tipo_solo": null,
    "coordenadas_json": null,
    "area_hectares": "10.0000",
    "cultura_atual": "Milho",
    "ativo": true,
    "data_cadastro": "2025-12-27T03:16:17.720Z",
    "data_atualizacao": "2025-12-27T03:16:17.720Z"
  }
},
{
  "model": "core.talhao",
  "pk": 201,
  "fields": {
    "empresa": 3,
    "fazenda": 6,
    "parent": 190,
    "nome": "Parcela 5.11",
    "descricao": null,
    "tipo_solo": null,
    "coordenadas_json": null,
    "area_hectares": "10.0000",
    "cultura_atual": "Milho",
    "ativo": true,
    "data_cadastro": "2025-12-27T03:16:17.720Z",
    "data_atualizacao": "2025-12-27T03:16:17.720Z"
  }
},
{
  "model": "core.talhao",
  "pk": 202,
  "fields": {
    "empresa": 3,
    "fazenda": 6,
    "parent": 190,
    "nome": "Parcela 5.12",
    "descricao": null,
    "tipo_solo": null,
    "coordenadas_json": null,
    "area_hectares": "10.0000",
    "cultura_atual": "Milho",
    "ativo": true,
    "data_cadastro": "2025-12-27T03:16:17.721Z",
    "data_atualizacao": "2025-12-27T03:16:17.721Z"
  }
},
{
  "model": "core.talhao",
  "pk": 203,
  "fields": {
    "empresa": 3,
    "fazenda": 6,
    "parent": null,
    "nome": "M¾dulo B-06",
    "descricao": null,
    "tipo_solo": null,
    "coordenadas_json": null,
    "area_hectares": "120.0000",
    "cultura_atual": "Milho",
    "ativo": true,
    "data_cadastro": "2025-12-27T03:16:17.724Z",
    "data_atualizacao": "2025-12-27T03:16:17.724Z"
  }
},
{
  "model": "core.talhao",
  "pk": 204,
  "fields": {
    "empresa": 3,
    "fazenda": 6,
    "parent": 203,
    "nome": "Parcela 6.01",
    "descricao": null,
    "tipo_solo": null,
    "coordenadas_json": null,
    "area_hectares": "10.0000",
    "cultura_atual": "Milho",
    "ativo": true,
    "data_cadastro": "2025-12-27T03:16:17.726Z",
    "data_atualizacao": "2025-12-27T03:16:17.726Z"
  }
},
{
  "model": "core.talhao",
  "pk": 205,
  "fields": {
    "empresa": 3,
    "fazenda": 6,
    "parent": 203,
    "nome": "Parcela 6.02",
    "descricao": null,
    "tipo_solo": null,
    "coordenadas_json": null,
    "area_hectares": "10.0000",
    "cultura_atual": "Milho",
    "ativo": true,
    "data_cadastro": "2025-12-27T03:16:17.727Z",
    "data_atualizacao": "2025-12-27T03:16:17.727Z"
  }
},
{
  "model": "core.talhao",
  "pk": 206,
  "fields": {
    "empresa": 3,
    "fazenda": 6,
    "parent": 203,
    "nome": "Parcela 6.03",
    "descricao": null,
    "tipo_solo": null,
    "coordenadas_json": null,
    "area_hectares": "10.0000",
    "cultura_atual": "Milho",
    "ativo": true,
    "data_cadastro": "2025-12-27T03:16:17.729Z",
    "data_atualizacao": "2025-12-27T03:16:17.729Z"
  }
},
{
  "model": "core.talhao",
  "pk": 207,
  "fields": {
    "empresa": 3,
    "fazenda": 6,
    "parent": 203,
    "nome": "Parcela 6.04",
    "descricao": null,
    "tipo_solo": null,
    "coordenadas_json": null,
    "area_hectares": "10.0000",
    "cultura_atual": "Milho",
    "ativo": true,
    "data_cadastro": "2025-12-27T03:16:17.731Z",
    "data_atualizacao": "2025-12-27T03:16:17.731Z"
  }
},
{
  "model": "core.talhao",
  "pk": 208,
  "fields": {
    "empresa": 3,
    "fazenda": 6,
    "parent": 203,
    "nome": "Parcela 6.05",
    "descricao": null,
    "tipo_solo": null,
    "coordenadas_json": null,
    "area_hectares": "10.0000",
    "cultura_atual": "Milho",
    "ativo": true,
    "data_cadastro": "2025-12-27T03:16:17.733Z",
    "data_atualizacao": "2025-12-27T03:16:17.733Z"
  }
},
{
  "model": "core.talhao",
  "pk": 209,
  "fields": {
    "empresa": 3,
    "fazenda": 6,
    "parent": 203,
    "nome": "Parcela 6.06",
    "descricao": null,
    "tipo_solo": null,
    "coordenadas_json": null,
    "area_hectares": "10.0000",
    "cultura_atual": "Milho",
    "ativo": true,
    "data_cadastro": "2025-12-27T03:16:17.735Z",
    "data_atualizacao": "2025-12-27T03:16:17.735Z"
  }
},
{
  "model": "core.talhao",
  "pk": 210,
  "fields": {
    "empresa": 3,
    "fazenda": 6,
    "parent": 203,
    "nome": "Parcela 6.07",
    "descricao": null,
    "tipo_solo": null,
    "coordenadas_json": null,
    "area_hectares": "10.0000",
    "cultura_atual": "Milho",
    "ativo": true,
    "data_cadastro": "2025-12-27T03:16:17.736Z",
    "data_atualizacao": "2025-12-27T03:16:17.736Z"
  }
},
{
  "model": "core.talhao",
  "pk": 211,
  "fields": {
    "empresa": 3,
    "fazenda": 6,
    "parent": 203,
    "nome": "Parcela 6.08",
    "descricao": null,
    "tipo_solo": null,
    "coordenadas_json": null,
    "area_hectares": "10.0000",
    "cultura_atual": "Milho",
    "ativo": true,
    "data_cadastro": "2025-12-27T03:16:17.738Z",
    "data_atualizacao": "2025-12-27T03:16:17.738Z"
  }
},
{
  "model": "core.talhao",
  "pk": 212,
  "fields": {
    "empresa": 3,
    "fazenda": 6,
    "parent": 203,
    "nome": "Parcela 6.09",
    "descricao": null,
    "tipo_solo": null,
    "coordenadas_json": null,
    "area_hectares": "10.0000",
    "cultura_atual": "Milho",
    "ativo": true,
    "data_cadastro": "2025-12-27T03:16:17.740Z",
    "data_atualizacao": "2025-12-27T03:16:17.740Z"
  }
},
{
  "model": "core.talhao",
  "pk": 213,
  "fields": {
    "empresa": 3,
    "fazenda": 6,
    "parent": 203,
    "nome": "Parcela 6.10",
    "descricao": null,
    "tipo_solo": null,
    "coordenadas_json": null,
    "area_hectares": "10.0000",
    "cultura_atual": "Milho",
    "ativo": true,
    "data_cadastro": "2025-12-27T03:16:17.740Z",
    "data_atualizacao": "2025-12-27T03:16:17.740Z"
  }
},
{
  "model": "core.talhao",
  "pk": 214,
  "fields": {
    "empresa": 3,
    "fazenda": 6,
    "parent": 203,
    "nome": "Parcela 6.11",
    "descricao": null,
    "tipo_solo": null,
    "coordenadas_json": null,
    "area_hectares": "10.0000",
    "cultura_atual": "Milho",
    "ativo": true,
    "data_cadastro": "2025-12-27T03:16:17.742Z",
    "data_atualizacao": "2025-12-27T03:16:17.742Z"
  }
},
{
  "model": "core.talhao",
  "pk": 215,
  "fields": {
    "empresa": 3,
    "fazenda": 6,
    "parent": 203,
    "nome": "Parcela 6.12",
    "descricao": null,
    "tipo_solo": null,
    "coordenadas_json": null,
    "area_hectares": "10.0000",
    "cultura_atual": "Milho",
    "ativo": true,
    "data_cadastro": "2025-12-27T03:16:17.744Z",
    "data_atualizacao": "2025-12-27T03:16:17.744Z"
  }
},
{
  "model": "core.talhao",
  "pk": 216,
  "fields": {
    "empresa": 3,
    "fazenda": 6,
    "parent": null,
    "nome": "M¾dulo B-07",
    "descricao": null,
    "tipo_solo": null,
    "coordenadas_json": null,
    "area_hectares": "120.0000",
    "cultura_atual": "Milho",
    "ativo": true,
    "data_cadastro": "2025-12-27T03:16:17.745Z",
    "data_atualizacao": "2025-12-27T03:16:17.745Z"
  }
},
{
  "model": "core.talhao",
  "pk": 217,
  "fields": {
    "empresa": 3,
    "fazenda": 6,
    "parent": 216,
    "nome": "Parcela 7.01",
    "descricao": null,
    "tipo_solo": null,
    "coordenadas_json": null,
    "area_hectares": "10.0000",
    "cultura_atual": "Milho",
    "ativo": true,
    "data_cadastro": "2025-12-27T03:16:17.747Z",
    "data_atualizacao": "2025-12-27T03:16:17.747Z"
  }
},
{
  "model": "core.talhao",
  "pk": 218,
  "fields": {
    "empresa": 3,
    "fazenda": 6,
    "parent": 216,
    "nome": "Parcela 7.02",
    "descricao": null,
    "tipo_solo": null,
    "coordenadas_json": null,
    "area_hectares": "10.0000",
    "cultura_atual": "Milho",
    "ativo": true,
    "data_cadastro": "2025-12-27T03:16:17.747Z",
    "data_atualizacao": "2025-12-27T03:16:17.747Z"
  }
},
{
  "model": "core.talhao",
  "pk": 219,
  "fields": {
    "empresa": 3,
    "fazenda": 6,
    "parent": 216,
    "nome": "Parcela 7.03",
    "descricao": null,
    "tipo_solo": null,
    "coordenadas_json": null,
    "area_hectares": "10.0000",
    "cultura_atual": "Milho",
    "ativo": true,
    "data_cadastro": "2025-12-27T03:16:17.750Z",
    "data_atualizacao": "2025-12-27T03:16:17.750Z"
  }
},
{
  "model": "core.talhao",
  "pk": 220,
  "fields": {
    "empresa": 3,
    "fazenda": 6,
    "parent": 216,
    "nome": "Parcela 7.04",
    "descricao": null,
    "tipo_solo": null,
    "coordenadas_json": null,
    "area_hectares": "10.0000",
    "cultura_atual": "Milho",
    "ativo": true,
    "data_cadastro": "2025-12-27T03:16:17.751Z",
    "data_atualizacao": "2025-12-27T03:16:17.751Z"
  }
},
{
  "model": "core.talhao",
  "pk": 221,
  "fields": {
    "empresa": 3,
    "fazenda": 6,
    "parent": 216,
    "nome": "Parcela 7.05",
    "descricao": null,
    "tipo_solo": null,
    "coordenadas_json": null,
    "area_hectares": "10.0000",
    "cultura_atual": "Milho",
    "ativo": true,
    "data_cadastro": "2025-12-27T03:16:17.752Z",
    "data_atualizacao": "2025-12-27T03:16:17.752Z"
  }
},
{
  "model": "core.talhao",
  "pk": 222,
  "fields": {
    "empresa": 3,
    "fazenda": 6,
    "parent": 216,
    "nome": "Parcela 7.06",
    "descricao": null,
    "tipo_solo": null,
    "coordenadas_json": null,
    "area_hectares": "10.0000",
    "cultura_atual": "Milho",
    "ativo": true,
    "data_cadastro": "2025-12-27T03:16:17.753Z",
    "data_atualizacao": "2025-12-27T03:16:17.753Z"
  }
},
{
  "model": "core.talhao",
  "pk": 223,
  "fields": {
    "empresa": 3,
    "fazenda": 6,
    "parent": 216,
    "nome": "Parcela 7.07",
    "descricao": null,
    "tipo_solo": null,
    "coordenadas_json": null,
    "area_hectares": "10.0000",
    "cultura_atual": "Milho",
    "ativo": true,
    "data_cadastro": "2025-12-27T03:16:17.754Z",
    "data_atualizacao": "2025-12-27T03:16:17.754Z"
  }
},
{
  "model": "core.talhao",
  "pk": 224,
  "fields": {
    "empresa": 3,
    "fazenda": 6,
    "parent": 216,
    "nome": "Parcela 7.08",
    "descricao": null,
    "tipo_solo": null,
    "coordenadas_json": null,
    "area_hectares": "10.0000",
    "cultura_atual": "Milho",
    "ativo": true,
    "data_cadastro": "2025-12-27T03:16:17.755Z",
    "data_atualizacao": "2025-12-27T03:16:17.755Z"
  }
},
{
  "model": "core.talhao",
  "pk": 225,
  "fields": {
    "empresa": 3,
    "fazenda": 6,
    "parent": 216,
    "nome": "Parcela 7.09",
    "descricao": null,
    "tipo_solo": null,
    "coordenadas_json": null,
    "area_hectares": "10.0000",
    "cultura_atual": "Milho",
    "ativo": true,
    "data_cadastro": "2025-12-27T03:16:17.757Z",
    "data_atualizacao": "2025-12-27T03:16:17.757Z"
  }
},
{
  "model": "core.talhao",
  "pk": 226,
  "fields": {
    "empresa": 3,
    "fazenda": 6,
    "parent": 216,
    "nome": "Parcela 7.10",
    "descricao": null,
    "tipo_solo": null,
    "coordenadas_json": null,
    "area_hectares": "10.0000",
    "cultura_atual": "Milho",
    "ativo": true,
    "data_cadastro": "2025-12-27T03:16:17.759Z",
    "data_atualizacao": "2025-12-27T03:16:17.759Z"
  }
},
{
  "model": "core.talhao",
  "pk": 227,
  "fields": {
    "empresa": 3,
    "fazenda": 6,
    "parent": 216,
    "nome": "Parcela 7.11",
    "descricao": null,
    "tipo_solo": null,
    "coordenadas_json": null,
    "area_hectares": "10.0000",
    "cultura_atual": "Milho",
    "ativo": true,
    "data_cadastro": "2025-12-27T03:16:17.760Z",
    "data_atualizacao": "2025-12-27T03:16:17.760Z"
  }
},
{
  "model": "core.talhao",
  "pk": 228,
  "fields": {
    "empresa": 3,
    "fazenda": 6,
    "parent": 216,
    "nome": "Parcela 7.12",
    "descricao": null,
    "tipo_solo": null,
    "coordenadas_json": null,
    "area_hectares": "10.0000",
    "cultura_atual": "Milho",
    "ativo": true,
    "data_cadastro": "2025-12-27T03:16:17.761Z",
    "data_atualizacao": "2025-12-27T03:16:17.761Z"
  }
},
{
  "model": "core.talhao",
  "pk": 229,
  "fields": {
    "empresa": 3,
    "fazenda": 6,
    "parent": null,
    "nome": "M¾dulo B-08",
    "descricao": null,
    "tipo_solo": null,
    "coordenadas_json": null,
    "area_hectares": "120.0000",
    "cultura_atual": "Milho",
    "ativo": true,
    "data_cadastro": "2025-12-27T03:16:17.764Z",
    "data_atualizacao": "2025-12-27T03:16:17.764Z"
  }
},
{
  "model": "core.talhao",
  "pk": 230,
  "fields": {
    "empresa": 3,
    "fazenda": 6,
    "parent": 229,
    "nome": "Parcela 8.01",
    "descricao": null,
    "tipo_solo": null,
    "coordenadas_json": null,
    "area_hectares": "10.0000",
    "cultura_atual": "Milho",
    "ativo": true,
    "data_cadastro": "2025-12-27T03:16:17.766Z",
    "data_atualizacao": "2025-12-27T03:16:17.766Z"
  }
},
{
  "model": "core.talhao",
  "pk": 231,
  "fields": {
    "empresa": 3,
    "fazenda": 6,
    "parent": 229,
    "nome": "Parcela 8.02",
    "descricao": null,
    "tipo_solo": null,
    "coordenadas_json": null,
    "area_hectares": "10.0000",
    "cultura_atual": "Milho",
    "ativo": true,
    "data_cadastro": "2025-12-27T03:16:17.767Z",
    "data_atualizacao": "2025-12-27T03:16:17.767Z"
  }
},
{
  "model": "core.talhao",
  "pk": 232,
  "fields": {
    "empresa": 3,
    "fazenda": 6,
    "parent": 229,
    "nome": "Parcela 8.03",
    "descricao": null,
    "tipo_solo": null,
    "coordenadas_json": null,
    "area_hectares": "10.0000",
    "cultura_atual": "Milho",
    "ativo": true,
    "data_cadastro": "2025-12-27T03:16:17.769Z",
    "data_atualizacao": "2025-12-27T03:16:17.769Z"
  }
},
{
  "model": "core.talhao",
  "pk": 233,
  "fields": {
    "empresa": 3,
    "fazenda": 6,
    "parent": 229,
    "nome": "Parcela 8.04",
    "descricao": null,
    "tipo_solo": null,
    "coordenadas_json": null,
    "area_hectares": "10.0000",
    "cultura_atual": "Milho",
    "ativo": true,
    "data_cadastro": "2025-12-27T03:16:17.770Z",
    "data_atualizacao": "2025-12-27T03:16:17.770Z"
  }
},
{
  "model": "core.talhao",
  "pk": 234,
  "fields": {
    "empresa": 3,
    "fazenda": 6,
    "parent": 229,
    "nome": "Parcela 8.05",
    "descricao": null,
    "tipo_solo": null,
    "coordenadas_json": null,
    "area_hectares": "10.0000",
    "cultura_atual": "Milho",
    "ativo": true,
    "data_cadastro": "2025-12-27T03:16:17.771Z",
    "data_atualizacao": "2025-12-27T03:16:17.771Z"
  }
},
{
  "model": "core.talhao",
  "pk": 235,
  "fields": {
    "empresa": 3,
    "fazenda": 6,
    "parent": 229,
    "nome": "Parcela 8.06",
    "descricao": null,
    "tipo_solo": null,
    "coordenadas_json": null,
    "area_hectares": "10.0000",
    "cultura_atual": "Milho",
    "ativo": true,
    "data_cadastro": "2025-12-27T03:16:17.775Z",
    "data_atualizacao": "2025-12-27T03:16:17.775Z"
  }
},
{
  "model": "core.talhao",
  "pk": 236,
  "fields": {
    "empresa": 3,
    "fazenda": 6,
    "parent": 229,
    "nome": "Parcela 8.07",
    "descricao": null,
    "tipo_solo": null,
    "coordenadas_json": null,
    "area_hectares": "10.0000",
    "cultura_atual": "Milho",
    "ativo": true,
    "data_cadastro": "2025-12-27T03:16:17.776Z",
    "data_atualizacao": "2025-12-27T03:16:17.776Z"
  }
},
{
  "model": "core.talhao",
  "pk": 237,
  "fields": {
    "empresa": 3,
    "fazenda": 6,
    "parent": 229,
    "nome": "Parcela 8.08",
    "descricao": null,
    "tipo_solo": null,
    "coordenadas_json": null,
    "area_hectares": "10.0000",
    "cultura_atual": "Milho",
    "ativo": true,
    "data_cadastro": "2025-12-27T03:16:17.778Z",
    "data_atualizacao": "2025-12-27T03:16:17.778Z"
  }
},
{
  "model": "core.talhao",
  "pk": 238,
  "fields": {
    "empresa": 3,
    "fazenda": 6,
    "parent": 229,
    "nome": "Parcela 8.09",
    "descricao": null,
    "tipo_solo": null,
    "coordenadas_json": null,
    "area_hectares": "10.0000",
    "cultura_atual": "Milho",
    "ativo": true,
    "data_cadastro": "2025-12-27T03:16:17.780Z",
    "data_atualizacao": "2025-12-27T03:16:17.780Z"
  }
},
{
  "model": "core.talhao",
  "pk": 239,
  "fields": {
    "empresa": 3,
    "fazenda": 6,
    "parent": 229,
    "nome": "Parcela 8.10",
    "descricao": null,
    "tipo_solo": null,
    "coordenadas_json": null,
    "area_hectares": "10.0000",
    "cultura_atual": "Milho",
    "ativo": true,
    "data_cadastro": "2025-12-27T03:16:17.782Z",
    "data_atualizacao": "2025-12-27T03:16:17.782Z"
  }
},
{
  "model": "core.talhao",
  "pk": 240,
  "fields": {
    "empresa": 3,
    "fazenda": 6,
    "parent": 229,
    "nome": "Parcela 8.11",
    "descricao": null,
    "tipo_solo": null,
    "coordenadas_json": null,
    "area_hectares": "10.0000",
    "cultura_atual": "Milho",
    "ativo": true,
    "data_cadastro": "2025-12-27T03:16:17.784Z",
    "data_atualizacao": "2025-12-27T03:16:17.784Z"
  }
},
{
  "model": "core.talhao",
  "pk": 241,
  "fields": {
    "empresa": 3,
    "fazenda": 6,
    "parent": 229,
    "nome": "Parcela 8.12",
    "descricao": null,
    "tipo_solo": null,
    "coordenadas_json": null,
    "area_hectares": "10.0000",
    "cultura_atual": "Milho",
    "ativo": true,
    "data_cadastro": "2025-12-27T03:16:17.786Z",
    "data_atualizacao": "2025-12-27T03:16:17.786Z"
  }
},
{
  "model": "core.talhao",
  "pk": 242,
  "fields": {
    "empresa": 3,
    "fazenda": 6,
    "parent": null,
    "nome": "M¾dulo B-09",
    "descricao": null,
    "tipo_solo": null,
    "coordenadas_json": null,
    "area_hectares": "120.0000",
    "cultura_atual": "Milho",
    "ativo": true,
    "data_cadastro": "2025-12-27T03:16:17.787Z",
    "data_atualizacao": "2025-12-27T03:16:17.787Z"
  }
},
{
  "model": "core.talhao",
  "pk": 243,
  "fields": {
    "empresa": 3,
    "fazenda": 6,
    "parent": 242,
    "nome": "Parcela 9.01",
    "descricao": null,
    "tipo_solo": null,
    "coordenadas_json": null,
    "area_hectares": "10.0000",
    "cultura_atual": "Milho",
    "ativo": true,
    "data_cadastro": "2025-12-27T03:16:17.790Z",
    "data_atualizacao": "2025-12-27T03:16:17.790Z"
  }
},
{
  "model": "core.talhao",
  "pk": 244,
  "fields": {
    "empresa": 3,
    "fazenda": 6,
    "parent": 242,
    "nome": "Parcela 9.02",
    "descricao": null,
    "tipo_solo": null,
    "coordenadas_json": null,
    "area_hectares": "10.0000",
    "cultura_atual": "Milho",
    "ativo": true,
    "data_cadastro": "2025-12-27T03:16:17.791Z",
    "data_atualizacao": "2025-12-27T03:16:17.791Z"
  }
},
{
  "model": "core.talhao",
  "pk": 245,
  "fields": {
    "empresa": 3,
    "fazenda": 6,
    "parent": 242,
    "nome": "Parcela 9.03",
    "descricao": null,
    "tipo_solo": null,
    "coordenadas_json": null,
    "area_hectares": "10.0000",
    "cultura_atual": "Milho",
    "ativo": true,
    "data_cadastro": "2025-12-27T03:16:17.792Z",
    "data_atualizacao": "2025-12-27T03:16:17.792Z"
  }
},
{
  "model": "core.talhao",
  "pk": 246,
  "fields": {
    "empresa": 3,
    "fazenda": 6,
    "parent": 242,
    "nome": "Parcela 9.04",
    "descricao": null,
    "tipo_solo": null,
    "coordenadas_json": null,
    "area_hectares": "10.0000",
    "cultura_atual": "Milho",
    "ativo": true,
    "data_cadastro": "2025-12-27T03:16:17.794Z",
    "data_atualizacao": "2025-12-27T03:16:17.794Z"
  }
},
{
  "model": "core.talhao",
  "pk": 247,
  "fields": {
    "empresa": 3,
    "fazenda": 6,
    "parent": 242,
    "nome": "Parcela 9.05",
    "descricao": null,
    "tipo_solo": null,
    "coordenadas_json": null,
    "area_hectares": "10.0000",
    "cultura_atual": "Milho",
    "ativo": true,
    "data_cadastro": "2025-12-27T03:16:17.795Z",
    "data_atualizacao": "2025-12-27T03:16:17.795Z"
  }
},
{
  "model": "core.talhao",
  "pk": 248,
  "fields": {
    "empresa": 3,
    "fazenda": 6,
    "parent": 242,
    "nome": "Parcela 9.06",
    "descricao": null,
    "tipo_solo": null,
    "coordenadas_json": null,
    "area_hectares": "10.0000",
    "cultura_atual": "Milho",
    "ativo": true,
    "data_cadastro": "2025-12-27T03:16:17.796Z",
    "data_atualizacao": "2025-12-27T03:16:17.796Z"
  }
},
{
  "model": "core.talhao",
  "pk": 249,
  "fields": {
    "empresa": 3,
    "fazenda": 6,
    "parent": 242,
    "nome": "Parcela 9.07",
    "descricao": null,
    "tipo_solo": null,
    "coordenadas_json": null,
    "area_hectares": "10.0000",
    "cultura_atual": "Milho",
    "ativo": true,
    "data_cadastro": "2025-12-27T03:16:17.797Z",
    "data_atualizacao": "2025-12-27T03:16:17.797Z"
  }
},
{
  "model": "core.talhao",
  "pk": 250,
  "fields": {
    "empresa": 3,
    "fazenda": 6,
    "parent": 242,
    "nome": "Parcela 9.08",
    "descricao": null,
    "tipo_solo": null,
    "coordenadas_json": null,
    "area_hectares": "10.0000",
    "cultura_atual": "Milho",
    "ativo": true,
    "data_cadastro": "2025-12-27T03:16:17.798Z",
    "data_atualizacao": "2025-12-27T03:16:17.798Z"
  }
},
{
  "model": "core.talhao",
  "pk": 251,
  "fields": {
    "empresa": 3,
    "fazenda": 6,
    "parent": 242,
    "nome": "Parcela 9.09",
    "descricao": null,
    "tipo_solo": null,
    "coordenadas_json": null,
    "area_hectares": "10.0000",
    "cultura_atual": "Milho",
    "ativo": true,
    "data_cadastro": "2025-12-27T03:16:17.800Z",
    "data_atualizacao": "2025-12-27T03:16:17.800Z"
  }
},
{
  "model": "core.talhao",
  "pk": 252,
  "fields": {
    "empresa": 3,
    "fazenda": 6,
    "parent": 242,
    "nome": "Parcela 9.10",
    "descricao": null,
    "tipo_solo": null,
    "coordenadas_json": null,
    "area_hectares": "10.0000",
    "cultura_atual": "Milho",
    "ativo": true,
    "data_cadastro": "2025-12-27T03:16:17.801Z",
    "data_atualizacao": "2025-12-27T03:16:17.801Z"
  }
},
{
  "model": "core.talhao",
  "pk": 253,
  "fields": {
    "empresa": 3,
    "fazenda": 6,
    "parent": 242,
    "nome": "Parcela 9.11",
    "descricao": null,
    "tipo_solo": null,
    "coordenadas_json": null,
    "area_hectares": "10.0000",
    "cultura_atual": "Milho",
    "ativo": true,
    "data_cadastro": "2025-12-27T03:16:17.803Z",
    "data_atualizacao": "2025-12-27T03:16:17.803Z"
  }
},
{
  "model": "core.talhao",
  "pk": 254,
  "fields": {
    "empresa": 3,
    "fazenda": 6,
    "parent": 242,
    "nome": "Parcela 9.12",
    "descricao": null,
    "tipo_solo": null,
    "coordenadas_json": null,
    "area_hectares": "10.0000",
    "cultura_atual": "Milho",
    "ativo": true,
    "data_cadastro": "2025-12-27T03:16:17.804Z",
    "data_atualizacao": "2025-12-27T03:16:17.804Z"
  }
},
{
  "model": "core.talhao",
  "pk": 255,
  "fields": {
    "empresa": 3,
    "fazenda": 6,
    "parent": null,
    "nome": "M¾dulo B-10",
    "descricao": null,
    "tipo_solo": null,
    "coordenadas_json": null,
    "area_hectares": "120.0000",
    "cultura_atual": "Milho",
    "ativo": true,
    "data_cadastro": "2025-12-27T03:16:17.805Z",
    "data_atualizacao": "2025-12-27T03:16:17.805Z"
  }
},
{
  "model": "core.talhao",
  "pk": 256,
  "fields": {
    "empresa": 3,
    "fazenda": 6,
    "parent": 255,
    "nome": "Parcela 10.01",
    "descricao": null,
    "tipo_solo": null,
    "coordenadas_json": null,
    "area_hectares": "10.0000",
    "cultura_atual": "Milho",
    "ativo": true,
    "data_cadastro": "2025-12-27T03:16:17.808Z",
    "data_atualizacao": "2025-12-27T03:16:17.808Z"
  }
},
{
  "model": "core.talhao",
  "pk": 257,
  "fields": {
    "empresa": 3,
    "fazenda": 6,
    "parent": 255,
    "nome": "Parcela 10.02",
    "descricao": null,
    "tipo_solo": null,
    "coordenadas_json": null,
    "area_hectares": "10.0000",
    "cultura_atual": "Milho",
    "ativo": true,
    "data_cadastro": "2025-12-27T03:16:17.812Z",
    "data_atualizacao": "2025-12-27T03:16:17.812Z"
  }
},
{
  "model": "core.talhao",
  "pk": 258,
  "fields": {
    "empresa": 3,
    "fazenda": 6,
    "parent": 255,
    "nome": "Parcela 10.03",
    "descricao": null,
    "tipo_solo": null,
    "coordenadas_json": null,
    "area_hectares": "10.0000",
    "cultura_atual": "Milho",
    "ativo": true,
    "data_cadastro": "2025-12-27T03:16:17.814Z",
    "data_atualizacao": "2025-12-27T03:16:17.814Z"
  }
},
{
  "model": "core.talhao",
  "pk": 259,
  "fields": {
    "empresa": 3,
    "fazenda": 6,
    "parent": 255,
    "nome": "Parcela 10.04",
    "descricao": null,
    "tipo_solo": null,
    "coordenadas_json": null,
    "area_hectares": "10.0000",
    "cultura_atual": "Milho",
    "ativo": true,
    "data_cadastro": "2025-12-27T03:16:17.817Z",
    "data_atualizacao": "2025-12-27T03:16:17.817Z"
  }
},
{
  "model": "core.talhao",
  "pk": 260,
  "fields": {
    "empresa": 3,
    "fazenda": 6,
    "parent": 255,
    "nome": "Parcela 10.05",
    "descricao": null,
    "tipo_solo": null,
    "coordenadas_json": null,
    "area_hectares": "10.0000",
    "cultura_atual": "Milho",
    "ativo": true,
    "data_cadastro": "2025-12-27T03:16:17.819Z",
    "data_atualizacao": "2025-12-27T03:16:17.819Z"
  }
},
{
  "model": "core.talhao",
  "pk": 261,
  "fields": {
    "empresa": 3,
    "fazenda": 6,
    "parent": 255,
    "nome": "Parcela 10.06",
    "descricao": null,
    "tipo_solo": null,
    "coordenadas_json": null,
    "area_hectares": "10.0000",
    "cultura_atual": "Milho",
    "ativo": true,
    "data_cadastro": "2025-12-27T03:16:17.820Z",
    "data_atualizacao": "2025-12-27T03:16:17.820Z"
  }
},
{
  "model": "core.talhao",
  "pk": 262,
  "fields": {
    "empresa": 3,
    "fazenda": 6,
    "parent": 255,
    "nome": "Parcela 10.07",
    "descricao": null,
    "tipo_solo": null,
    "coordenadas_json": null,
    "area_hectares": "10.0000",
    "cultura_atual": "Milho",
    "ativo": true,
    "data_cadastro": "2025-12-27T03:16:17.821Z",
    "data_atualizacao": "2025-12-27T03:16:17.821Z"
  }
},
{
  "model": "core.talhao",
  "pk": 263,
  "fields": {
    "empresa": 3,
    "fazenda": 6,
    "parent": 255,
    "nome": "Parcela 10.08",
    "descricao": null,
    "tipo_solo": null,
    "coordenadas_json": null,
    "area_hectares": "10.0000",
    "cultura_atual": "Milho",
    "ativo": true,
    "data_cadastro": "2025-12-27T03:16:17.823Z",
    "data_atualizacao": "2025-12-27T03:16:17.823Z"
  }
},
{
  "model": "core.talhao",
  "pk": 264,
  "fields": {
    "empresa": 3,
    "fazenda": 6,
    "parent": 255,
    "nome": "Parcela 10.09",
    "descricao": null,
    "tipo_solo": null,
    "coordenadas_json": null,
    "area_hectares": "10.0000",
    "cultura_atual": "Milho",
    "ativo": true,
    "data_cadastro": "2025-12-27T03:16:17.824Z",
    "data_atualizacao": "2025-12-27T03:16:17.824Z"
  }
},
{
  "model": "core.talhao",
  "pk": 265,
  "fields": {
    "empresa": 3,
    "fazenda": 6,
    "parent": 255,
    "nome": "Parcela 10.10",
    "descricao": null,
    "tipo_solo": null,
    "coordenadas_json": null,
    "area_hectares": "10.0000",
    "cultura_atual": "Milho",
    "ativo": true,
    "data_cadastro": "2025-12-27T03:16:17.825Z",
    "data_atualizacao": "2025-12-27T03:16:17.825Z"
  }
},
{
  "model": "core.talhao",
  "pk": 266,
  "fields": {
    "empresa": 3,
    "fazenda": 6,
    "parent": 255,
    "nome": "Parcela 10.11",
    "descricao": null,
    "tipo_solo": null,
    "coordenadas_json": null,
    "area_hectares": "10.0000",
    "cultura_atual": "Milho",
    "ativo": true,
    "data_cadastro": "2025-12-27T03:16:17.827Z",
    "data_atualizacao": "2025-12-27T03:16:17.827Z"
  }
},
{
  "model": "core.talhao",
  "pk": 267,
  "fields": {
    "empresa": 3,
    "fazenda": 6,
    "parent": 255,
    "nome": "Parcela 10.12",
    "descricao": null,
    "tipo_solo": null,
    "coordenadas_json": null,
    "area_hectares": "10.0000",
    "cultura_atual": "Milho",
    "ativo": true,
    "data_cadastro": "2025-12-27T03:16:17.828Z",
    "data_atualizacao": "2025-12-27T03:16:17.828Z"
  }
},
{
  "model": "core.talhao",
  "pk": 268,
  "fields": {
    "empresa": 3,
    "fazenda": 6,
    "parent": null,
    "nome": "M¾dulo B-11",
    "descricao": null,
    "tipo_solo": null,
    "coordenadas_json": null,
    "area_hectares": "120.0000",
    "cultura_atual": "Milho",
    "ativo": true,
    "data_cadastro": "2025-12-27T03:16:17.830Z",
    "data_atualizacao": "2025-12-27T03:16:17.830Z"
  }
},
{
  "model": "core.talhao",
  "pk": 269,
  "fields": {
    "empresa": 3,
    "fazenda": 6,
    "parent": 268,
    "nome": "Parcela 11.01",
    "descricao": null,
    "tipo_solo": null,
    "coordenadas_json": null,
    "area_hectares": "10.0000",
    "cultura_atual": "Milho",
    "ativo": true,
    "data_cadastro": "2025-12-27T03:16:17.831Z",
    "data_atualizacao": "2025-12-27T03:16:17.831Z"
  }
},
{
  "model": "core.talhao",
  "pk": 270,
  "fields": {
    "empresa": 3,
    "fazenda": 6,
    "parent": 268,
    "nome": "Parcela 11.02",
    "descricao": null,
    "tipo_solo": null,
    "coordenadas_json": null,
    "area_hectares": "10.0000",
    "cultura_atual": "Milho",
    "ativo": true,
    "data_cadastro": "2025-12-27T03:16:17.833Z",
    "data_atualizacao": "2025-12-27T03:16:17.833Z"
  }
},
{
  "model": "core.talhao",
  "pk": 271,
  "fields": {
    "empresa": 3,
    "fazenda": 6,
    "parent": 268,
    "nome": "Parcela 11.03",
    "descricao": null,
    "tipo_solo": null,
    "coordenadas_json": null,
    "area_hectares": "10.0000",
    "cultura_atual": "Milho",
    "ativo": true,
    "data_cadastro": "2025-12-27T03:16:17.834Z",
    "data_atualizacao": "2025-12-27T03:16:17.834Z"
  }
},
{
  "model": "core.talhao",
  "pk": 272,
  "fields": {
    "empresa": 3,
    "fazenda": 6,
    "parent": 268,
    "nome": "Parcela 11.04",
    "descricao": null,
    "tipo_solo": null,
    "coordenadas_json": null,
    "area_hectares": "10.0000",
    "cultura_atual": "Milho",
    "ativo": true,
    "data_cadastro": "2025-12-27T03:16:17.835Z",
    "data_atualizacao": "2025-12-27T03:16:17.835Z"
  }
},
{
  "model": "core.talhao",
  "pk": 273,
  "fields": {
    "empresa": 3,
    "fazenda": 6,
    "parent": 268,
    "nome": "Parcela 11.05",
    "descricao": null,
    "tipo_solo": null,
    "coordenadas_json": null,
    "area_hectares": "10.0000",
    "cultura_atual": "Milho",
    "ativo": true,
    "data_cadastro": "2025-12-27T03:16:17.836Z",
    "data_atualizacao": "2025-12-27T03:16:17.836Z"
  }
},
{
  "model": "core.talhao",
  "pk": 274,
  "fields": {
    "empresa": 3,
    "fazenda": 6,
    "parent": 268,
    "nome": "Parcela 11.06",
    "descricao": null,
    "tipo_solo": null,
    "coordenadas_json": null,
    "area_hectares": "10.0000",
    "cultura_atual": "Milho",
    "ativo": true,
    "data_cadastro": "2025-12-27T03:16:17.837Z",
    "data_atualizacao": "2025-12-27T03:16:17.837Z"
  }
},
{
  "model": "core.talhao",
  "pk": 275,
  "fields": {
    "empresa": 3,
    "fazenda": 6,
    "parent": 268,
    "nome": "Parcela 11.07",
    "descricao": null,
    "tipo_solo": null,
    "coordenadas_json": null,
    "area_hectares": "10.0000",
    "cultura_atual": "Milho",
    "ativo": true,
    "data_cadastro": "2025-12-27T03:16:17.838Z",
    "data_atualizacao": "2025-12-27T03:16:17.838Z"
  }
},
{
  "model": "core.talhao",
  "pk": 276,
  "fields": {
    "empresa": 3,
    "fazenda": 6,
    "parent": 268,
    "nome": "Parcela 11.08",
    "descricao": null,
    "tipo_solo": null,
    "coordenadas_json": null,
    "area_hectares": "10.0000",
    "cultura_atual": "Milho",
    "ativo": true,
    "data_cadastro": "2025-12-27T03:16:17.840Z",
    "data_atualizacao": "2025-12-27T03:16:17.840Z"
  }
},
{
  "model": "core.talhao",
  "pk": 277,
  "fields": {
    "empresa": 3,
    "fazenda": 6,
    "parent": 268,
    "nome": "Parcela 11.09",
    "descricao": null,
    "tipo_solo": null,
    "coordenadas_json": null,
    "area_hectares": "10.0000",
    "cultura_atual": "Milho",
    "ativo": true,
    "data_cadastro": "2025-12-27T03:16:17.842Z",
    "data_atualizacao": "2025-12-27T03:16:17.842Z"
  }
},
{
  "model": "core.talhao",
  "pk": 278,
  "fields": {
    "empresa": 3,
    "fazenda": 6,
    "parent": 268,
    "nome": "Parcela 11.10",
    "descricao": null,
    "tipo_solo": null,
    "coordenadas_json": null,
    "area_hectares": "10.0000",
    "cultura_atual": "Milho",
    "ativo": true,
    "data_cadastro": "2025-12-27T03:16:17.844Z",
    "data_atualizacao": "2025-12-27T03:16:17.844Z"
  }
},
{
  "model": "core.talhao",
  "pk": 279,
  "fields": {
    "empresa": 3,
    "fazenda": 6,
    "parent": 268,
    "nome": "Parcela 11.11",
    "descricao": null,
    "tipo_solo": null,
    "coordenadas_json": null,
    "area_hectares": "10.0000",
    "cultura_atual": "Milho",
    "ativo": true,
    "data_cadastro": "2025-12-27T03:16:17.846Z",
    "data_atualizacao": "2025-12-27T03:16:17.846Z"
  }
},
{
  "model": "core.talhao",
  "pk": 280,
  "fields": {
    "empresa": 3,
    "fazenda": 6,
    "parent": 268,
    "nome": "Parcela 11.12",
    "descricao": null,
    "tipo_solo": null,
    "coordenadas_json": null,
    "area_hectares": "10.0000",
    "cultura_atual": "Milho",
    "ativo": true,
    "data_cadastro": "2025-12-27T03:16:17.850Z",
    "data_atualizacao": "2025-12-27T03:16:17.850Z"
  }
},
{
  "model": "core.talhao",
  "pk": 281,
  "fields": {
    "empresa": 3,
    "fazenda": 6,
    "parent": null,
    "nome": "M¾dulo B-12",
    "descricao": null,
    "tipo_solo": null,
    "coordenadas_json": null,
    "area_hectares": "120.0000",
    "cultura_atual": "Milho",
    "ativo": true,
    "data_cadastro": "2025-12-27T03:16:17.852Z",
    "data_atualizacao": "2025-12-27T03:16:17.852Z"
  }
},
{
  "model": "core.talhao",
  "pk": 282,
  "fields": {
    "empresa": 3,
    "fazenda": 6,
    "parent": 281,
    "nome": "Parcela 12.01",
    "descricao": null,
    "tipo_solo": null,
    "coordenadas_json": null,
    "area_hectares": "10.0000",
    "cultura_atual": "Milho",
    "ativo": true,
    "data_cadastro": "2025-12-27T03:16:17.854Z",
    "data_atualizacao": "2025-12-27T03:16:17.854Z"
  }
},
{
  "model": "core.talhao",
  "pk": 283,
  "fields": {
    "empresa": 3,
    "fazenda": 6,
    "parent": 281,
    "nome": "Parcela 12.02",
    "descricao": null,
    "tipo_solo": null,
    "coordenadas_json": null,
    "area_hectares": "10.0000",
    "cultura_atual": "Milho",
    "ativo": true,
    "data_cadastro": "2025-12-27T03:16:17.856Z",
    "data_atualizacao": "2025-12-27T03:16:17.856Z"
  }
},
{
  "model": "core.talhao",
  "pk": 284,
  "fields": {
    "empresa": 3,
    "fazenda": 6,
    "parent": 281,
    "nome": "Parcela 12.03",
    "descricao": null,
    "tipo_solo": null,
    "coordenadas_json": null,
    "area_hectares": "10.0000",
    "cultura_atual": "Milho",
    "ativo": true,
    "data_cadastro": "2025-12-27T03:16:17.858Z",
    "data_atualizacao": "2025-12-27T03:16:17.858Z"
  }
},
{
  "model": "core.talhao",
  "pk": 285,
  "fields": {
    "empresa": 3,
    "fazenda": 6,
    "parent": 281,
    "nome": "Parcela 12.04",
    "descricao": null,
    "tipo_solo": null,
    "coordenadas_json": null,
    "area_hectares": "10.0000",
    "cultura_atual": "Milho",
    "ativo": true,
    "data_cadastro": "2025-12-27T03:16:17.860Z",
    "data_atualizacao": "2025-12-27T03:16:17.860Z"
  }
},
{
  "model": "core.talhao",
  "pk": 286,
  "fields": {
    "empresa": 3,
    "fazenda": 6,
    "parent": 281,
    "nome": "Parcela 12.05",
    "descricao": null,
    "tipo_solo": null,
    "coordenadas_json": null,
    "area_hectares": "10.0000",
    "cultura_atual": "Milho",
    "ativo": true,
    "data_cadastro": "2025-12-27T03:16:17.861Z",
    "data_atualizacao": "2025-12-27T03:16:17.861Z"
  }
},
{
  "model": "core.talhao",
  "pk": 287,
  "fields": {
    "empresa": 3,
    "fazenda": 6,
    "parent": 281,
    "nome": "Parcela 12.06",
    "descricao": null,
    "tipo_solo": null,
    "coordenadas_json": null,
    "area_hectares": "10.0000",
    "cultura_atual": "Milho",
    "ativo": true,
    "data_cadastro": "2025-12-27T03:16:17.863Z",
    "data_atualizacao": "2025-12-27T03:16:17.863Z"
  }
},
{
  "model": "core.talhao",
  "pk": 288,
  "fields": {
    "empresa": 3,
    "fazenda": 6,
    "parent": 281,
    "nome": "Parcela 12.07",
    "descricao": null,
    "tipo_solo": null,
    "coordenadas_json": null,
    "area_hectares": "10.0000",
    "cultura_atual": "Milho",
    "ativo": true,
    "data_cadastro": "2025-12-27T03:16:17.864Z",
    "data_atualizacao": "2025-12-27T03:16:17.864Z"
  }
},
{
  "model": "core.talhao",
  "pk": 289,
  "fields": {
    "empresa": 3,
    "fazenda": 6,
    "parent": 281,
    "nome": "Parcela 12.08",
    "descricao": null,
    "tipo_solo": null,
    "coordenadas_json": null,
    "area_hectares": "10.0000",
    "cultura_atual": "Milho",
    "ativo": true,
    "data_cadastro": "2025-12-27T03:16:17.865Z",
    "data_atualizacao": "2025-12-27T03:16:17.865Z"
  }
},
{
  "model": "core.talhao",
  "pk": 290,
  "fields": {
    "empresa": 3,
    "fazenda": 6,
    "parent": 281,
    "nome": "Parcela 12.09",
    "descricao": null,
    "tipo_solo": null,
    "coordenadas_json": null,
    "area_hectares": "10.0000",
    "cultura_atual": "Milho",
    "ativo": true,
    "data_cadastro": "2025-12-27T03:16:17.867Z",
    "data_atualizacao": "2025-12-27T03:16:17.867Z"
  }
},
{
  "model": "core.talhao",
  "pk": 291,
  "fields": {
    "empresa": 3,
    "fazenda": 6,
    "parent": 281,
    "nome": "Parcela 12.10",
    "descricao": null,
    "tipo_solo": null,
    "coordenadas_json": null,
    "area_hectares": "10.0000",
    "cultura_atual": "Milho",
    "ativo": true,
    "data_cadastro": "2025-12-27T03:16:17.868Z",
    "data_atualizacao": "2025-12-27T03:16:17.868Z"
  }
},
{
  "model": "core.talhao",
  "pk": 292,
  "fields": {
    "empresa": 3,
    "fazenda": 6,
    "parent": 281,
    "nome": "Parcela 12.11",
    "descricao": null,
    "tipo_solo": null,
    "coordenadas_json": null,
    "area_hectares": "10.0000",
    "cultura_atual": "Milho",
    "ativo": true,
    "data_cadastro": "2025-12-27T03:16:17.870Z",
    "data_atualizacao": "2025-12-27T03:16:17.870Z"
  }
},
{
  "model": "core.talhao",
  "pk": 293,
  "fields": {
    "empresa": 3,
    "fazenda": 6,
    "parent": 281,
    "nome": "Parcela 12.12",
    "descricao": null,
    "tipo_solo": null,
    "coordenadas_json": null,
    "area_hectares": "10.0000",
    "cultura_atual": "Milho",
    "ativo": true,
    "data_cadastro": "2025-12-27T03:16:17.871Z",
    "data_atualizacao": "2025-12-27T03:16:17.871Z"
  }
},
{
  "model": "core.talhao",
  "pk": 294,
  "fields": {
    "empresa": 3,
    "fazenda": 6,
    "parent": null,
    "nome": "M¾dulo B-13",
    "descricao": null,
    "tipo_solo": null,
    "coordenadas_json": null,
    "area_hectares": "120.0000",
    "cultura_atual": "Milho",
    "ativo": true,
    "data_cadastro": "2025-12-27T03:16:17.873Z",
    "data_atualizacao": "2025-12-27T03:16:17.873Z"
  }
},
{
  "model": "core.talhao",
  "pk": 295,
  "fields": {
    "empresa": 3,
    "fazenda": 6,
    "parent": 294,
    "nome": "Parcela 13.01",
    "descricao": null,
    "tipo_solo": null,
    "coordenadas_json": null,
    "area_hectares": "10.0000",
    "cultura_atual": "Milho",
    "ativo": true,
    "data_cadastro": "2025-12-27T03:16:17.874Z",
    "data_atualizacao": "2025-12-27T03:16:17.874Z"
  }
},
{
  "model": "core.talhao",
  "pk": 296,
  "fields": {
    "empresa": 3,
    "fazenda": 6,
    "parent": 294,
    "nome": "Parcela 13.02",
    "descricao": null,
    "tipo_solo": null,
    "coordenadas_json": null,
    "area_hectares": "10.0000",
    "cultura_atual": "Milho",
    "ativo": true,
    "data_cadastro": "2025-12-27T03:16:17.875Z",
    "data_atualizacao": "2025-12-27T03:16:17.875Z"
  }
},
{
  "model": "core.talhao",
  "pk": 297,
  "fields": {
    "empresa": 3,
    "fazenda": 6,
    "parent": 294,
    "nome": "Parcela 13.03",
    "descricao": null,
    "tipo_solo": null,
    "coordenadas_json": null,
    "area_hectares": "10.0000",
    "cultura_atual": "Milho",
    "ativo": true,
    "data_cadastro": "2025-12-27T03:16:17.877Z",
    "data_atualizacao": "2025-12-27T03:16:17.877Z"
  }
},
{
  "model": "core.talhao",
  "pk": 298,
  "fields": {
    "empresa": 3,
    "fazenda": 6,
    "parent": 294,
    "nome": "Parcela 13.04",
    "descricao": null,
    "tipo_solo": null,
    "coordenadas_json": null,
    "area_hectares": "10.0000",
    "cultura_atual": "Milho",
    "ativo": true,
    "data_cadastro": "2025-12-27T03:16:17.879Z",
    "data_atualizacao": "2025-12-27T03:16:17.879Z"
  }
},
{
  "model": "core.talhao",
  "pk": 299,
  "fields": {
    "empresa": 3,
    "fazenda": 6,
    "parent": 294,
    "nome": "Parcela 13.05",
    "descricao": null,
    "tipo_solo": null,
    "coordenadas_json": null,
    "area_hectares": "10.0000",
    "cultura_atual": "Milho",
    "ativo": true,
    "data_cadastro": "2025-12-27T03:16:17.880Z",
    "data_atualizacao": "2025-12-27T03:16:17.880Z"
  }
},
{
  "model": "core.talhao",
  "pk": 300,
  "fields": {
    "empresa": 3,
    "fazenda": 6,
    "parent": 294,
    "nome": "Parcela 13.06",
    "descricao": null,
    "tipo_solo": null,
    "coordenadas_json": null,
    "area_hectares": "10.0000",
    "cultura_atual": "Milho",
    "ativo": true,
    "data_cadastro": "2025-12-27T03:16:17.881Z",
    "data_atualizacao": "2025-12-27T03:16:17.881Z"
  }
},
{
  "model": "core.talhao",
  "pk": 301,
  "fields": {
    "empresa": 3,
    "fazenda": 6,
    "parent": 294,
    "nome": "Parcela 13.07",
    "descricao": null,
    "tipo_solo": null,
    "coordenadas_json": null,
    "area_hectares": "10.0000",
    "cultura_atual": "Milho",
    "ativo": true,
    "data_cadastro": "2025-12-27T03:16:17.884Z",
    "data_atualizacao": "2025-12-27T03:16:17.884Z"
  }
},
{
  "model": "core.talhao",
  "pk": 302,
  "fields": {
    "empresa": 3,
    "fazenda": 6,
    "parent": 294,
    "nome": "Parcela 13.08",
    "descricao": null,
    "tipo_solo": null,
    "coordenadas_json": null,
    "area_hectares": "10.0000",
    "cultura_atual": "Milho",
    "ativo": true,
    "data_cadastro": "2025-12-27T03:16:17.887Z",
    "data_atualizacao": "2025-12-27T03:16:17.887Z"
  }
},
{
  "model": "core.talhao",
  "pk": 303,
  "fields": {
    "empresa": 3,
    "fazenda": 6,
    "parent": 294,
    "nome": "Parcela 13.09",
    "descricao": null,
    "tipo_solo": null,
    "coordenadas_json": null,
    "area_hectares": "10.0000",
    "cultura_atual": "Milho",
    "ativo": true,
    "data_cadastro": "2025-12-27T03:16:17.889Z",
    "data_atualizacao": "2025-12-27T03:16:17.889Z"
  }
},
{
  "model": "core.talhao",
  "pk": 304,
  "fields": {
    "empresa": 3,
    "fazenda": 6,
    "parent": 294,
    "nome": "Parcela 13.10",
    "descricao": null,
    "tipo_solo": null,
    "coordenadas_json": null,
    "area_hectares": "10.0000",
    "cultura_atual": "Milho",
    "ativo": true,
    "data_cadastro": "2025-12-27T03:16:17.890Z",
    "data_atualizacao": "2025-12-27T03:16:17.890Z"
  }
},
{
  "model": "core.talhao",
  "pk": 305,
  "fields": {
    "empresa": 3,
    "fazenda": 6,
    "parent": 294,
    "nome": "Parcela 13.11",
    "descricao": null,
    "tipo_solo": null,
    "coordenadas_json": null,
    "area_hectares": "10.0000",
    "cultura_atual": "Milho",
    "ativo": true,
    "data_cadastro": "2025-12-27T03:16:17.892Z",
    "data_atualizacao": "2025-12-27T03:16:17.892Z"
  }
},
{
  "model": "core.talhao",
  "pk": 306,
  "fields": {
    "empresa": 3,
    "fazenda": 6,
    "parent": 294,
    "nome": "Parcela 13.12",
    "descricao": null,
    "tipo_solo": null,
    "coordenadas_json": null,
    "area_hectares": "10.0000",
    "cultura_atual": "Milho",
    "ativo": true,
    "data_cadastro": "2025-12-27T03:16:17.892Z",
    "data_atualizacao": "2025-12-27T03:16:17.892Z"
  }
},
{
  "model": "core.talhao",
  "pk": 307,
  "fields": {
    "empresa": 3,
    "fazenda": 6,
    "parent": null,
    "nome": "M¾dulo B-14",
    "descricao": null,
    "tipo_solo": null,
    "coordenadas_json": null,
    "area_hectares": "120.0000",
    "cultura_atual": "Milho",
    "ativo": true,
    "data_cadastro": "2025-12-27T03:16:17.895Z",
    "data_atualizacao": "2025-12-27T03:16:17.895Z"
  }
},
{
  "model": "core.talhao",
  "pk": 308,
  "fields": {
    "empresa": 3,
    "fazenda": 6,
    "parent": 307,
    "nome": "Parcela 14.01",
    "descricao": null,
    "tipo_solo": null,
    "coordenadas_json": null,
    "area_hectares": "10.0000",
    "cultura_atual": "Milho",
    "ativo": true,
    "data_cadastro": "2025-12-27T03:16:17.896Z",
    "data_atualizacao": "2025-12-27T03:16:17.896Z"
  }
},
{
  "model": "core.talhao",
  "pk": 309,
  "fields": {
    "empresa": 3,
    "fazenda": 6,
    "parent": 307,
    "nome": "Parcela 14.02",
    "descricao": null,
    "tipo_solo": null,
    "coordenadas_json": null,
    "area_hectares": "10.0000",
    "cultura_atual": "Milho",
    "ativo": true,
    "data_cadastro": "2025-12-27T03:16:17.897Z",
    "data_atualizacao": "2025-12-27T03:16:17.897Z"
  }
},
{
  "model": "core.talhao",
  "pk": 310,
  "fields": {
    "empresa": 3,
    "fazenda": 6,
    "parent": 307,
    "nome": "Parcela 14.03",
    "descricao": null,
    "tipo_solo": null,
    "coordenadas_json": null,
    "area_hectares": "10.0000",
    "cultura_atual": "Milho",
    "ativo": true,
    "data_cadastro": "2025-12-27T03:16:17.898Z",
    "data_atualizacao": "2025-12-27T03:16:17.898Z"
  }
},
{
  "model": "core.talhao",
  "pk": 311,
  "fields": {
    "empresa": 3,
    "fazenda": 6,
    "parent": 307,
    "nome": "Parcela 14.04",
    "descricao": null,
    "tipo_solo": null,
    "coordenadas_json": null,
    "area_hectares": "10.0000",
    "cultura_atual": "Milho",
    "ativo": true,
    "data_cadastro": "2025-12-27T03:16:17.900Z",
    "data_atualizacao": "2025-12-27T03:16:17.900Z"
  }
},
{
  "model": "core.talhao",
  "pk": 312,
  "fields": {
    "empresa": 3,
    "fazenda": 6,
    "parent": 307,
    "nome": "Parcela 14.05",
    "descricao": null,
    "tipo_solo": null,
    "coordenadas_json": null,
    "area_hectares": "10.0000",
    "cultura_atual": "Milho",
    "ativo": true,
    "data_cadastro": "2025-12-27T03:16:17.902Z",
    "data_atualizacao": "2025-12-27T03:16:17.902Z"
  }
},
{
  "model": "core.talhao",
  "pk": 313,
  "fields": {
    "empresa": 3,
    "fazenda": 6,
    "parent": 307,
    "nome": "Parcela 14.06",
    "descricao": null,
    "tipo_solo": null,
    "coordenadas_json": null,
    "area_hectares": "10.0000",
    "cultura_atual": "Milho",
    "ativo": true,
    "data_cadastro": "2025-12-27T03:16:17.903Z",
    "data_atualizacao": "2025-12-27T03:16:17.903Z"
  }
},
{
  "model": "core.talhao",
  "pk": 314,
  "fields": {
    "empresa": 3,
    "fazenda": 6,
    "parent": 307,
    "nome": "Parcela 14.07",
    "descricao": null,
    "tipo_solo": null,
    "coordenadas_json": null,
    "area_hectares": "10.0000",
    "cultura_atual": "Milho",
    "ativo": true,
    "data_cadastro": "2025-12-27T03:16:17.904Z",
    "data_atualizacao": "2025-12-27T03:16:17.904Z"
  }
},
{
  "model": "core.talhao",
  "pk": 315,
  "fields": {
    "empresa": 3,
    "fazenda": 6,
    "parent": 307,
    "nome": "Parcela 14.08",
    "descricao": null,
    "tipo_solo": null,
    "coordenadas_json": null,
    "area_hectares": "10.0000",
    "cultura_atual": "Milho",
    "ativo": true,
    "data_cadastro": "2025-12-27T03:16:17.906Z",
    "data_atualizacao": "2025-12-27T03:16:17.906Z"
  }
},
{
  "model": "core.talhao",
  "pk": 316,
  "fields": {
    "empresa": 3,
    "fazenda": 6,
    "parent": 307,
    "nome": "Parcela 14.09",
    "descricao": null,
    "tipo_solo": null,
    "coordenadas_json": null,
    "area_hectares": "10.0000",
    "cultura_atual": "Milho",
    "ativo": true,
    "data_cadastro": "2025-12-27T03:16:17.907Z",
    "data_atualizacao": "2025-12-27T03:16:17.907Z"
  }
},
{
  "model": "core.talhao",
  "pk": 317,
  "fields": {
    "empresa": 3,
    "fazenda": 6,
    "parent": 307,
    "nome": "Parcela 14.10",
    "descricao": null,
    "tipo_solo": null,
    "coordenadas_json": null,
    "area_hectares": "10.0000",
    "cultura_atual": "Milho",
    "ativo": true,
    "data_cadastro": "2025-12-27T03:16:17.908Z",
    "data_atualizacao": "2025-12-27T03:16:17.908Z"
  }
},
{
  "model": "core.talhao",
  "pk": 318,
  "fields": {
    "empresa": 3,
    "fazenda": 6,
    "parent": 307,
    "nome": "Parcela 14.11",
    "descricao": null,
    "tipo_solo": null,
    "coordenadas_json": null,
    "area_hectares": "10.0000",
    "cultura_atual": "Milho",
    "ativo": true,
    "data_cadastro": "2025-12-27T03:16:17.909Z",
    "data_atualizacao": "2025-12-27T03:16:17.909Z"
  }
},
{
  "model": "core.talhao",
  "pk": 319,
  "fields": {
    "empresa": 3,
    "fazenda": 6,
    "parent": 307,
    "nome": "Parcela 14.12",
    "descricao": null,
    "tipo_solo": null,
    "coordenadas_json": null,
    "area_hectares": "10.0000",
    "cultura_atual": "Milho",
    "ativo": true,
    "data_cadastro": "2025-12-27T03:16:17.911Z",
    "data_atualizacao": "2025-12-27T03:16:17.911Z"
  }
},
{
  "model": "core.talhao",
  "pk": 320,
  "fields": {
    "empresa": 3,
    "fazenda": 6,
    "parent": null,
    "nome": "M¾dulo B-15",
    "descricao": null,
    "tipo_solo": null,
    "coordenadas_json": null,
    "area_hectares": "120.0000",
    "cultura_atual": "Milho",
    "ativo": true,
    "data_cadastro": "2025-12-27T03:16:17.912Z",
    "data_atualizacao": "2025-12-27T03:16:17.912Z"
  }
},
{
  "model": "core.talhao",
  "pk": 321,
  "fields": {
    "empresa": 3,
    "fazenda": 6,
    "parent": 320,
    "nome": "Parcela 15.01",
    "descricao": null,
    "tipo_solo": null,
    "coordenadas_json": null,
    "area_hectares": "10.0000",
    "cultura_atual": "Milho",
    "ativo": true,
    "data_cadastro": "2025-12-27T03:16:17.914Z",
    "data_atualizacao": "2025-12-27T03:16:17.914Z"
  }
},
{
  "model": "core.talhao",
  "pk": 322,
  "fields": {
    "empresa": 3,
    "fazenda": 6,
    "parent": 320,
    "nome": "Parcela 15.02",
    "descricao": null,
    "tipo_solo": null,
    "coordenadas_json": null,
    "area_hectares": "10.0000",
    "cultura_atual": "Milho",
    "ativo": true,
    "data_cadastro": "2025-12-27T03:16:17.914Z",
    "data_atualizacao": "2025-12-27T03:16:17.914Z"
  }
},
{
  "model": "core.talhao",
  "pk": 323,
  "fields": {
    "empresa": 3,
    "fazenda": 6,
    "parent": 320,
    "nome": "Parcela 15.03",
    "descricao": null,
    "tipo_solo": null,
    "coordenadas_json": null,
    "area_hectares": "10.0000",
    "cultura_atual": "Milho",
    "ativo": true,
    "data_cadastro": "2025-12-27T03:16:17.917Z",
    "data_atualizacao": "2025-12-27T03:16:17.917Z"
  }
},
{
  "model": "core.talhao",
  "pk": 324,
  "fields": {
    "empresa": 3,
    "fazenda": 6,
    "parent": 320,
    "nome": "Parcela 15.04",
    "descricao": null,
    "tipo_solo": null,
    "coordenadas_json": null,
    "area_hectares": "10.0000",
    "cultura_atual": "Milho",
    "ativo": true,
    "data_cadastro": "2025-12-27T03:16:17.918Z",
    "data_atualizacao": "2025-12-27T03:16:17.918Z"
  }
},
{
  "model": "core.talhao",
  "pk": 325,
  "fields": {
    "empresa": 3,
    "fazenda": 6,
    "parent": 320,
    "nome": "Parcela 15.05",
    "descricao": null,
    "tipo_solo": null,
    "coordenadas_json": null,
    "area_hectares": "10.0000",
    "cultura_atual": "Milho",
    "ativo": true,
    "data_cadastro": "2025-12-27T03:16:17.919Z",
    "data_atualizacao": "2025-12-27T03:16:17.919Z"
  }
},
{
  "model": "core.talhao",
  "pk": 326,
  "fields": {
    "empresa": 3,
    "fazenda": 6,
    "parent": 320,
    "nome": "Parcela 15.06",
    "descricao": null,
    "tipo_solo": null,
    "coordenadas_json": null,
    "area_hectares": "10.0000",
    "cultura_atual": "Milho",
    "ativo": true,
    "data_cadastro": "2025-12-27T03:16:17.921Z",
    "data_atualizacao": "2025-12-27T03:16:17.921Z"
  }
},
{
  "model": "core.talhao",
  "pk": 327,
  "fields": {
    "empresa": 3,
    "fazenda": 6,
    "parent": 320,
    "nome": "Parcela 15.07",
    "descricao": null,
    "tipo_solo": null,
    "coordenadas_json": null,
    "area_hectares": "10.0000",
    "cultura_atual": "Milho",
    "ativo": true,
    "data_cadastro": "2025-12-27T03:16:17.923Z",
    "data_atualizacao": "2025-12-27T03:16:17.923Z"
  }
},
{
  "model": "core.talhao",
  "pk": 328,
  "fields": {
    "empresa": 3,
    "fazenda": 6,
    "parent": 320,
    "nome": "Parcela 15.08",
    "descricao": null,
    "tipo_solo": null,
    "coordenadas_json": null,
    "area_hectares": "10.0000",
    "cultura_atual": "Milho",
    "ativo": true,
    "data_cadastro": "2025-12-27T03:16:17.925Z",
    "data_atualizacao": "2025-12-27T03:16:17.925Z"
  }
},
{
  "model": "core.talhao",
  "pk": 329,
  "fields": {
    "empresa": 3,
    "fazenda": 6,
    "parent": 320,
    "nome": "Parcela 15.09",
    "descricao": null,
    "tipo_solo": null,
    "coordenadas_json": null,
    "area_hectares": "10.0000",
    "cultura_atual": "Milho",
    "ativo": true,
    "data_cadastro": "2025-12-27T03:16:17.927Z",
    "data_atualizacao": "2025-12-27T03:16:17.927Z"
  }
},
{
  "model": "core.talhao",
  "pk": 330,
  "fields": {
    "empresa": 3,
    "fazenda": 6,
    "parent": 320,
    "nome": "Parcela 15.10",
    "descricao": null,
    "tipo_solo": null,
    "coordenadas_json": null,
    "area_hectares": "10.0000",
    "cultura_atual": "Milho",
    "ativo": true,
    "data_cadastro": "2025-12-27T03:16:17.928Z",
    "data_atualizacao": "2025-12-27T03:16:17.928Z"
  }
},
{
  "model": "core.talhao",
  "pk": 331,
  "fields": {
    "empresa": 3,
    "fazenda": 6,
    "parent": 320,
    "nome": "Parcela 15.11",
    "descricao": null,
    "tipo_solo": null,
    "coordenadas_json": null,
    "area_hectares": "10.0000",
    "cultura_atual": "Milho",
    "ativo": true,
    "data_cadastro": "2025-12-27T03:16:17.930Z",
    "data_atualizacao": "2025-12-27T03:16:17.930Z"
  }
},
{
  "model": "core.talhao",
  "pk": 332,
  "fields": {
    "empresa": 3,
    "fazenda": 6,
    "parent": 320,
    "nome": "Parcela 15.12",
    "descricao": null,
    "tipo_solo": null,
    "coordenadas_json": null,
    "area_hectares": "10.0000",
    "cultura_atual": "Milho",
    "ativo": true,
    "data_cadastro": "2025-12-27T03:16:17.931Z",
    "data_atualizacao": "2025-12-27T03:16:17.931Z"
  }
},
{
  "model": "core.talhao",
  "pk": 333,
  "fields": {
    "empresa": 3,
    "fazenda": 6,
    "parent": null,
    "nome": "M¾dulo B-16",
    "descricao": null,
    "tipo_solo": null,
    "coordenadas_json": null,
    "area_hectares": "120.0000",
    "cultura_atual": "Milho",
    "ativo": true,
    "data_cadastro": "2025-12-27T03:16:17.932Z",
    "data_atualizacao": "2025-12-27T03:16:17.932Z"
  }
},
{
  "model": "core.talhao",
  "pk": 334,
  "fields": {
    "empresa": 3,
    "fazenda": 6,
    "parent": 333,
    "nome": "Parcela 16.01",
    "descricao": null,
    "tipo_solo": null,
    "coordenadas_json": null,
    "area_hectares": "10.0000",
    "cultura_atual": "Milho",
    "ativo": true,
    "data_cadastro": "2025-12-27T03:16:17.934Z",
    "data_atualizacao": "2025-12-27T03:16:17.934Z"
  }
},
{
  "model": "core.talhao",
  "pk": 335,
  "fields": {
    "empresa": 3,
    "fazenda": 6,
    "parent": 333,
    "nome": "Parcela 16.02",
    "descricao": null,
    "tipo_solo": null,
    "coordenadas_json": null,
    "area_hectares": "10.0000",
    "cultura_atual": "Milho",
    "ativo": true,
    "data_cadastro": "2025-12-27T03:16:17.936Z",
    "data_atualizacao": "2025-12-27T03:16:17.936Z"
  }
},
{
  "model": "core.talhao",
  "pk": 336,
  "fields": {
    "empresa": 3,
    "fazenda": 6,
    "parent": 333,
    "nome": "Parcela 16.03",
    "descricao": null,
    "tipo_solo": null,
    "coordenadas_json": null,
    "area_hectares": "10.0000",
    "cultura_atual": "Milho",
    "ativo": true,
    "data_cadastro": "2025-12-27T03:16:17.938Z",
    "data_atualizacao": "2025-12-27T03:16:17.938Z"
  }
},
{
  "model": "core.talhao",
  "pk": 337,
  "fields": {
    "empresa": 3,
    "fazenda": 6,
    "parent": 333,
    "nome": "Parcela 16.04",
    "descricao": null,
    "tipo_solo": null,
    "coordenadas_json": null,
    "area_hectares": "10.0000",
    "cultura_atual": "Milho",
    "ativo": true,
    "data_cadastro": "2025-12-27T03:16:17.939Z",
    "data_atualizacao": "2025-12-27T03:16:17.939Z"
  }
},
{
  "model": "core.talhao",
  "pk": 338,
  "fields": {
    "empresa": 3,
    "fazenda": 6,
    "parent": 333,
    "nome": "Parcela 16.05",
    "descricao": null,
    "tipo_solo": null,
    "coordenadas_json": null,
    "area_hectares": "10.0000",
    "cultura_atual": "Milho",
    "ativo": true,
    "data_cadastro": "2025-12-27T03:16:17.940Z",
    "data_atualizacao": "2025-12-27T03:16:17.940Z"
  }
},
{
  "model": "core.talhao",
  "pk": 339,
  "fields": {
    "empresa": 3,
    "fazenda": 6,
    "parent": 333,
    "nome": "Parcela 16.06",
    "descricao": null,
    "tipo_solo": null,
    "coordenadas_json": null,
    "area_hectares": "10.0000",
    "cultura_atual": "Milho",
    "ativo": true,
    "data_cadastro": "2025-12-27T03:16:17.942Z",
    "data_atualizacao": "2025-12-27T03:16:17.942Z"
  }
},
{
  "model": "core.talhao",
  "pk": 340,
  "fields": {
    "empresa": 3,
    "fazenda": 6,
    "parent": 333,
    "nome": "Parcela 16.07",
    "descricao": null,
    "tipo_solo": null,
    "coordenadas_json": null,
    "area_hectares": "10.0000",
    "cultura_atual": "Milho",
    "ativo": true,
    "data_cadastro": "2025-12-27T03:16:17.944Z",
    "data_atualizacao": "2025-12-27T03:16:17.944Z"
  }
},
{
  "model": "core.talhao",
  "pk": 341,
  "fields": {
    "empresa": 3,
    "fazenda": 6,
    "parent": 333,
    "nome": "Parcela 16.08",
    "descricao": null,
    "tipo_solo": null,
    "coordenadas_json": null,
    "area_hectares": "10.0000",
    "cultura_atual": "Milho",
    "ativo": true,
    "data_cadastro": "2025-12-27T03:16:17.945Z",
    "data_atualizacao": "2025-12-27T03:16:17.945Z"
  }
},
{
  "model": "core.talhao",
  "pk": 342,
  "fields": {
    "empresa": 3,
    "fazenda": 6,
    "parent": 333,
    "nome": "Parcela 16.09",
    "descricao": null,
    "tipo_solo": null,
    "coordenadas_json": null,
    "area_hectares": "10.0000",
    "cultura_atual": "Milho",
    "ativo": true,
    "data_cadastro": "2025-12-27T03:16:17.947Z",
    "data_atualizacao": "2025-12-27T03:16:17.947Z"
  }
},
{
  "model": "core.talhao",
  "pk": 343,
  "fields": {
    "empresa": 3,
    "fazenda": 6,
    "parent": 333,
    "nome": "Parcela 16.10",
    "descricao": null,
    "tipo_solo": null,
    "coordenadas_json": null,
    "area_hectares": "10.0000",
    "cultura_atual": "Milho",
    "ativo": true,
    "data_cadastro": "2025-12-27T03:16:17.949Z",
    "data_atualizacao": "2025-12-27T03:16:17.949Z"
  }
},
{
  "model": "core.talhao",
  "pk": 344,
  "fields": {
    "empresa": 3,
    "fazenda": 6,
    "parent": 333,
    "nome": "Parcela 16.11",
    "descricao": null,
    "tipo_solo": null,
    "coordenadas_json": null,
    "area_hectares": "10.0000",
    "cultura_atual": "Milho",
    "ativo": true,
    "data_cadastro": "2025-12-27T03:16:17.950Z",
    "data_atualizacao": "2025-12-27T03:16:17.950Z"
  }
},
{
  "model": "core.talhao",
  "pk": 345,
  "fields": {
    "empresa": 3,
    "fazenda": 6,
    "parent": 333,
    "nome": "Parcela 16.12",
    "descricao": null,
    "tipo_solo": null,
    "coordenadas_json": null,
    "area_hectares": "10.0000",
    "cultura_atual": "Milho",
    "ativo": true,
    "data_cadastro": "2025-12-27T03:16:17.951Z",
    "data_atualizacao": "2025-12-27T03:16:17.951Z"
  }
},
{
  "model": "core.talhao",
  "pk": 346,
  "fields": {
    "empresa": 3,
    "fazenda": 6,
    "parent": null,
    "nome": "M¾dulo B-17",
    "descricao": null,
    "tipo_solo": null,
    "coordenadas_json": null,
    "area_hectares": "120.0000",
    "cultura_atual": "Milho",
    "ativo": true,
    "data_cadastro": "2025-12-27T03:16:17.953Z",
    "data_atualizacao": "2025-12-27T03:16:17.953Z"
  }
},
{
  "model": "core.talhao",
  "pk": 347,
  "fields": {
    "empresa": 3,
    "fazenda": 6,
    "parent": 346,
    "nome": "Parcela 17.01",
    "descricao": null,
    "tipo_solo": null,
    "coordenadas_json": null,
    "area_hectares": "10.0000",
    "cultura_atual": "Milho",
    "ativo": true,
    "data_cadastro": "2025-12-27T03:16:17.955Z",
    "data_atualizacao": "2025-12-27T03:16:17.955Z"
  }
},
{
  "model": "core.talhao",
  "pk": 348,
  "fields": {
    "empresa": 3,
    "fazenda": 6,
    "parent": 346,
    "nome": "Parcela 17.02",
    "descricao": null,
    "tipo_solo": null,
    "coordenadas_json": null,
    "area_hectares": "10.0000",
    "cultura_atual": "Milho",
    "ativo": true,
    "data_cadastro": "2025-12-27T03:16:17.956Z",
    "data_atualizacao": "2025-12-27T03:16:17.956Z"
  }
},
{
  "model": "core.talhao",
  "pk": 349,
  "fields": {
    "empresa": 3,
    "fazenda": 6,
    "parent": 346,
    "nome": "Parcela 17.03",
    "descricao": null,
    "tipo_solo": null,
    "coordenadas_json": null,
    "area_hectares": "10.0000",
    "cultura_atual": "Milho",
    "ativo": true,
    "data_cadastro": "2025-12-27T03:16:17.957Z",
    "data_atualizacao": "2025-12-27T03:16:17.957Z"
  }
},
{
  "model": "core.talhao",
  "pk": 350,
  "fields": {
    "empresa": 3,
    "fazenda": 6,
    "parent": 346,
    "nome": "Parcela 17.04",
    "descricao": null,
    "tipo_solo": null,
    "coordenadas_json": null,
    "area_hectares": "10.0000",
    "cultura_atual": "Milho",
    "ativo": true,
    "data_cadastro": "2025-12-27T03:16:17.959Z",
    "data_atualizacao": "2025-12-27T03:16:17.959Z"
  }
},
{
  "model": "core.talhao",
  "pk": 351,
  "fields": {
    "empresa": 3,
    "fazenda": 6,
    "parent": 346,
    "nome": "Parcela 17.05",
    "descricao": null,
    "tipo_solo": null,
    "coordenadas_json": null,
    "area_hectares": "10.0000",
    "cultura_atual": "Milho",
    "ativo": true,
    "data_cadastro": "2025-12-27T03:16:17.960Z",
    "data_atualizacao": "2025-12-27T03:16:17.960Z"
  }
},
{
  "model": "core.talhao",
  "pk": 352,
  "fields": {
    "empresa": 3,
    "fazenda": 6,
    "parent": 346,
    "nome": "Parcela 17.06",
    "descricao": null,
    "tipo_solo": null,
    "coordenadas_json": null,
    "area_hectares": "10.0000",
    "cultura_atual": "Milho",
    "ativo": true,
    "data_cadastro": "2025-12-27T03:16:17.962Z",
    "data_atualizacao": "2025-12-27T03:16:17.962Z"
  }
},
{
  "model": "core.talhao",
  "pk": 353,
  "fields": {
    "empresa": 3,
    "fazenda": 6,
    "parent": 346,
    "nome": "Parcela 17.07",
    "descricao": null,
    "tipo_solo": null,
    "coordenadas_json": null,
    "area_hectares": "10.0000",
    "cultura_atual": "Milho",
    "ativo": true,
    "data_cadastro": "2025-12-27T03:16:17.964Z",
    "data_atualizacao": "2025-12-27T03:16:17.964Z"
  }
},
{
  "model": "core.talhao",
  "pk": 354,
  "fields": {
    "empresa": 3,
    "fazenda": 6,
    "parent": 346,
    "nome": "Parcela 17.08",
    "descricao": null,
    "tipo_solo": null,
    "coordenadas_json": null,
    "area_hectares": "10.0000",
    "cultura_atual": "Milho",
    "ativo": true,
    "data_cadastro": "2025-12-27T03:16:17.968Z",
    "data_atualizacao": "2025-12-27T03:16:17.968Z"
  }
},
{
  "model": "core.talhao",
  "pk": 355,
  "fields": {
    "empresa": 3,
    "fazenda": 6,
    "parent": 346,
    "nome": "Parcela 17.09",
    "descricao": null,
    "tipo_solo": null,
    "coordenadas_json": null,
    "area_hectares": "10.0000",
    "cultura_atual": "Milho",
    "ativo": true,
    "data_cadastro": "2025-12-27T03:16:17.970Z",
    "data_atualizacao": "2025-12-27T03:16:17.970Z"
  }
},
{
  "model": "core.talhao",
  "pk": 356,
  "fields": {
    "empresa": 3,
    "fazenda": 6,
    "parent": 346,
    "nome": "Parcela 17.10",
    "descricao": null,
    "tipo_solo": null,
    "coordenadas_json": null,
    "area_hectares": "10.0000",
    "cultura_atual": "Milho",
    "ativo": true,
    "data_cadastro": "2025-12-27T03:16:17.972Z",
    "data_atualizacao": "2025-12-27T03:16:17.972Z"
  }
},
{
  "model": "core.talhao",
  "pk": 357,
  "fields": {
    "empresa": 3,
    "fazenda": 6,
    "parent": 346,
    "nome": "Parcela 17.11",
    "descricao": null,
    "tipo_solo": null,
    "coordenadas_json": null,
    "area_hectares": "10.0000",
    "cultura_atual": "Milho",
    "ativo": true,
    "data_cadastro": "2025-12-27T03:16:17.974Z",
    "data_atualizacao": "2025-12-27T03:16:17.974Z"
  }
},
{
  "model": "core.talhao",
  "pk": 358,
  "fields": {
    "empresa": 3,
    "fazenda": 6,
    "parent": 346,
    "nome": "Parcela 17.12",
    "descricao": null,
    "tipo_solo": null,
    "coordenadas_json": null,
    "area_hectares": "10.0000",
    "cultura_atual": "Milho",
    "ativo": true,
    "data_cadastro": "2025-12-27T03:16:17.975Z",
    "data_atualizacao": "2025-12-27T03:16:17.975Z"
  }
},
{
  "model": "core.talhao",
  "pk": 359,
  "fields": {
    "empresa": 3,
    "fazenda": 6,
    "parent": null,
    "nome": "M¾dulo B-18",
    "descricao": null,
    "tipo_solo": null,
    "coordenadas_json": null,
    "area_hectares": "120.0000",
    "cultura_atual": "Milho",
    "ativo": true,
    "data_cadastro": "2025-12-27T03:16:17.978Z",
    "data_atualizacao": "2025-12-27T03:16:17.978Z"
  }
},
{
  "model": "core.talhao",
  "pk": 360,
  "fields": {
    "empresa": 3,
    "fazenda": 6,
    "parent": 359,
    "nome": "Parcela 18.01",
    "descricao": null,
    "tipo_solo": null,
    "coordenadas_json": null,
    "area_hectares": "10.0000",
    "cultura_atual": "Milho",
    "ativo": true,
    "data_cadastro": "2025-12-27T03:16:17.980Z",
    "data_atualizacao": "2025-12-27T03:16:17.980Z"
  }
},
{
  "model": "core.talhao",
  "pk": 361,
  "fields": {
    "empresa": 3,
    "fazenda": 6,
    "parent": 359,
    "nome": "Parcela 18.02",
    "descricao": null,
    "tipo_solo": null,
    "coordenadas_json": null,
    "area_hectares": "10.0000",
    "cultura_atual": "Milho",
    "ativo": true,
    "data_cadastro": "2025-12-27T03:16:17.981Z",
    "data_atualizacao": "2025-12-27T03:16:17.981Z"
  }
},
{
  "model": "core.talhao",
  "pk": 362,
  "fields": {
    "empresa": 3,
    "fazenda": 6,
    "parent": 359,
    "nome": "Parcela 18.03",
    "descricao": null,
    "tipo_solo": null,
    "coordenadas_json": null,
    "area_hectares": "10.0000",
    "cultura_atual": "Milho",
    "ativo": true,
    "data_cadastro": "2025-12-27T03:16:17.983Z",
    "data_atualizacao": "2025-12-27T03:16:17.983Z"
  }
},
{
  "model": "core.talhao",
  "pk": 363,
  "fields": {
    "empresa": 3,
    "fazenda": 6,
    "parent": 359,
    "nome": "Parcela 18.04",
    "descricao": null,
    "tipo_solo": null,
    "coordenadas_json": null,
    "area_hectares": "10.0000",
    "cultura_atual": "Milho",
    "ativo": true,
    "data_cadastro": "2025-12-27T03:16:17.986Z",
    "data_atualizacao": "2025-12-27T03:16:17.986Z"
  }
},
{
  "model": "core.talhao",
  "pk": 364,
  "fields": {
    "empresa": 3,
    "fazenda": 6,
    "parent": 359,
    "nome": "Parcela 18.05",
    "descricao": null,
    "tipo_solo": null,
    "coordenadas_json": null,
    "area_hectares": "10.0000",
    "cultura_atual": "Milho",
    "ativo": true,
    "data_cadastro": "2025-12-27T03:16:17.987Z",
    "data_atualizacao": "2025-12-27T03:16:17.987Z"
  }
},
{
  "model": "core.talhao",
  "pk": 365,
  "fields": {
    "empresa": 3,
    "fazenda": 6,
    "parent": 359,
    "nome": "Parcela 18.06",
    "descricao": null,
    "tipo_solo": null,
    "coordenadas_json": null,
    "area_hectares": "10.0000",
    "cultura_atual": "Milho",
    "ativo": true,
    "data_cadastro": "2025-12-27T03:16:17.988Z",
    "data_atualizacao": "2025-12-27T03:16:17.988Z"
  }
},
{
  "model": "core.talhao",
  "pk": 366,
  "fields": {
    "empresa": 3,
    "fazenda": 6,
    "parent": 359,
    "nome": "Parcela 18.07",
    "descricao": null,
    "tipo_solo": null,
    "coordenadas_json": null,
    "area_hectares": "10.0000",
    "cultura_atual": "Milho",
    "ativo": true,
    "data_cadastro": "2025-12-27T03:16:17.990Z",
    "data_atualizacao": "2025-12-27T03:16:17.990Z"
  }
},
{
  "model": "core.talhao",
  "pk": 367,
  "fields": {
    "empresa": 3,
    "fazenda": 6,
    "parent": 359,
    "nome": "Parcela 18.08",
    "descricao": null,
    "tipo_solo": null,
    "coordenadas_json": null,
    "area_hectares": "10.0000",
    "cultura_atual": "Milho",
    "ativo": true,
    "data_cadastro": "2025-12-27T03:16:17.991Z",
    "data_atualizacao": "2025-12-27T03:16:17.991Z"
  }
},
{
  "model": "core.talhao",
  "pk": 368,
  "fields": {
    "empresa": 3,
    "fazenda": 6,
    "parent": 359,
    "nome": "Parcela 18.09",
    "descricao": null,
    "tipo_solo": null,
    "coordenadas_json": null,
    "area_hectares": "10.0000",
    "cultura_atual": "Milho",
    "ativo": true,
    "data_cadastro": "2025-12-27T03:16:17.993Z",
    "data_atualizacao": "2025-12-27T03:16:17.993Z"
  }
},
{
  "model": "core.talhao",
  "pk": 369,
  "fields": {
    "empresa": 3,
    "fazenda": 6,
    "parent": 359,
    "nome": "Parcela 18.10",
    "descricao": null,
    "tipo_solo": null,
    "coordenadas_json": null,
    "area_hectares": "10.0000",
    "cultura_atual": "Milho",
    "ativo": true,
    "data_cadastro": "2025-12-27T03:16:17.994Z",
    "data_atualizacao": "2025-12-27T03:16:17.994Z"
  }
},
{
  "model": "core.talhao",
  "pk": 370,
  "fields": {
    "empresa": 3,
    "fazenda": 6,
    "parent": 359,
    "nome": "Parcela 18.11",
    "descricao": null,
    "tipo_solo": null,
    "coordenadas_json": null,
    "area_hectares": "10.0000",
    "cultura_atual": "Milho",
    "ativo": true,
    "data_cadastro": "2025-12-27T03:16:17.996Z",
    "data_atualizacao": "2025-12-27T03:16:17.996Z"
  }
},
{
  "model": "core.talhao",
  "pk": 371,
  "fields": {
    "empresa": 3,
    "fazenda": 6,
    "parent": 359,
    "nome": "Parcela 18.12",
    "descricao": null,
    "tipo_solo": null,
    "coordenadas_json": null,
    "area_hectares": "10.0000",
    "cultura_atual": "Milho",
    "ativo": true,
    "data_cadastro": "2025-12-27T03:16:17.997Z",
    "data_atualizacao": "2025-12-27T03:16:17.997Z"
  }
},
{
  "model": "core.talhao",
  "pk": 372,
  "fields": {
    "empresa": 3,
    "fazenda": 6,
    "parent": null,
    "nome": "M¾dulo B-19",
    "descricao": null,
    "tipo_solo": null,
    "coordenadas_json": null,
    "area_hectares": "120.0000",
    "cultura_atual": "Milho",
    "ativo": true,
    "data_cadastro": "2025-12-27T03:16:17.999Z",
    "data_atualizacao": "2025-12-27T03:16:17.999Z"
  }
},
{
  "model": "core.talhao",
  "pk": 373,
  "fields": {
    "empresa": 3,
    "fazenda": 6,
    "parent": 372,
    "nome": "Parcela 19.01",
    "descricao": null,
    "tipo_solo": null,
    "coordenadas_json": null,
    "area_hectares": "10.0000",
    "cultura_atual": "Milho",
    "ativo": true,
    "data_cadastro": "2025-12-27T03:16:18.002Z",
    "data_atualizacao": "2025-12-27T03:16:18.002Z"
  }
},
{
  "model": "core.talhao",
  "pk": 374,
  "fields": {
    "empresa": 3,
    "fazenda": 6,
    "parent": 372,
    "nome": "Parcela 19.02",
    "descricao": null,
    "tipo_solo": null,
    "coordenadas_json": null,
    "area_hectares": "10.0000",
    "cultura_atual": "Milho",
    "ativo": true,
    "data_cadastro": "2025-12-27T03:16:18.004Z",
    "data_atualizacao": "2025-12-27T03:16:18.004Z"
  }
},
{
  "model": "core.talhao",
  "pk": 375,
  "fields": {
    "empresa": 3,
    "fazenda": 6,
    "parent": 372,
    "nome": "Parcela 19.03",
    "descricao": null,
    "tipo_solo": null,
    "coordenadas_json": null,
    "area_hectares": "10.0000",
    "cultura_atual": "Milho",
    "ativo": true,
    "data_cadastro": "2025-12-27T03:16:18.006Z",
    "data_atualizacao": "2025-12-27T03:16:18.006Z"
  }
},
{
  "model": "core.talhao",
  "pk": 376,
  "fields": {
    "empresa": 3,
    "fazenda": 6,
    "parent": 372,
    "nome": "Parcela 19.04",
    "descricao": null,
    "tipo_solo": null,
    "coordenadas_json": null,
    "area_hectares": "10.0000",
    "cultura_atual": "Milho",
    "ativo": true,
    "data_cadastro": "2025-12-27T03:16:18.009Z",
    "data_atualizacao": "2025-12-27T03:16:18.009Z"
  }
},
{
  "model": "core.talhao",
  "pk": 377,
  "fields": {
    "empresa": 3,
    "fazenda": 6,
    "parent": 372,
    "nome": "Parcela 19.05",
    "descricao": null,
    "tipo_solo": null,
    "coordenadas_json": null,
    "area_hectares": "10.0000",
    "cultura_atual": "Milho",
    "ativo": true,
    "data_cadastro": "2025-12-27T03:16:18.010Z",
    "data_atualizacao": "2025-12-27T03:16:18.010Z"
  }
},
{
  "model": "core.talhao",
  "pk": 378,
  "fields": {
    "empresa": 3,
    "fazenda": 6,
    "parent": 372,
    "nome": "Parcela 19.06",
    "descricao": null,
    "tipo_solo": null,
    "coordenadas_json": null,
    "area_hectares": "10.0000",
    "cultura_atual": "Milho",
    "ativo": true,
    "data_cadastro": "2025-12-27T03:16:18.012Z",
    "data_atualizacao": "2025-12-27T03:16:18.012Z"
  }
},
{
  "model": "core.talhao",
  "pk": 379,
  "fields": {
    "empresa": 3,
    "fazenda": 6,
    "parent": 372,
    "nome": "Parcela 19.07",
    "descricao": null,
    "tipo_solo": null,
    "coordenadas_json": null,
    "area_hectares": "10.0000",
    "cultura_atual": "Milho",
    "ativo": true,
    "data_cadastro": "2025-12-27T03:16:18.014Z",
    "data_atualizacao": "2025-12-27T03:16:18.014Z"
  }
},
{
  "model": "core.talhao",
  "pk": 380,
  "fields": {
    "empresa": 3,
    "fazenda": 6,
    "parent": 372,
    "nome": "Parcela 19.08",
    "descricao": null,
    "tipo_solo": null,
    "coordenadas_json": null,
    "area_hectares": "10.0000",
    "cultura_atual": "Milho",
    "ativo": true,
    "data_cadastro": "2025-12-27T03:16:18.016Z",
    "data_atualizacao": "2025-12-27T03:16:18.016Z"
  }
},
{
  "model": "core.talhao",
  "pk": 381,
  "fields": {
    "empresa": 3,
    "fazenda": 6,
    "parent": 372,
    "nome": "Parcela 19.09",
    "descricao": null,
    "tipo_solo": null,
    "coordenadas_json": null,
    "area_hectares": "10.0000",
    "cultura_atual": "Milho",
    "ativo": true,
    "data_cadastro": "2025-12-27T03:16:18.018Z",
    "data_atualizacao": "2025-12-27T03:16:18.018Z"
  }
},
{
  "model": "core.talhao",
  "pk": 382,
  "fields": {
    "empresa": 3,
    "fazenda": 6,
    "parent": 372,
    "nome": "Parcela 19.10",
    "descricao": null,
    "tipo_solo": null,
    "coordenadas_json": null,
    "area_hectares": "10.0000",
    "cultura_atual": "Milho",
    "ativo": true,
    "data_cadastro": "2025-12-27T03:16:18.021Z",
    "data_atualizacao": "2025-12-27T03:16:18.021Z"
  }
},
{
  "model": "core.talhao",
  "pk": 383,
  "fields": {
    "empresa": 3,
    "fazenda": 6,
    "parent": 372,
    "nome": "Parcela 19.11",
    "descricao": null,
    "tipo_solo": null,
    "coordenadas_json": null,
    "area_hectares": "10.0000",
    "cultura_atual": "Milho",
    "ativo": true,
    "data_cadastro": "2025-12-27T03:16:18.023Z",
    "data_atualizacao": "2025-12-27T03:16:18.023Z"
  }
},
{
  "model": "core.talhao",
  "pk": 384,
  "fields": {
    "empresa": 3,
    "fazenda": 6,
    "parent": 372,
    "nome": "Parcela 19.12",
    "descricao": null,
    "tipo_solo": null,
    "coordenadas_json": null,
    "area_hectares": "10.0000",
    "cultura_atual": "Milho",
    "ativo": true,
    "data_cadastro": "2025-12-27T03:16:18.025Z",
    "data_atualizacao": "2025-12-27T03:16:18.025Z"
  }
},
{
  "model": "core.talhao",
  "pk": 385,
  "fields": {
    "empresa": 3,
    "fazenda": 6,
    "parent": null,
    "nome": "M¾dulo B-20",
    "descricao": null,
    "tipo_solo": null,
    "coordenadas_json": null,
    "area_hectares": "120.0000",
    "cultura_atual": "Milho",
    "ativo": true,
    "data_cadastro": "2025-12-27T03:16:18.028Z",
    "data_atualizacao": "2025-12-27T03:16:18.028Z"
  }
},
{
  "model": "core.talhao",
  "pk": 386,
  "fields": {
    "empresa": 3,
    "fazenda": 6,
    "parent": 385,
    "nome": "Parcela 20.01",
    "descricao": null,
    "tipo_solo": null,
    "coordenadas_json": null,
    "area_hectares": "10.0000",
    "cultura_atual": "Milho",
    "ativo": true,
    "data_cadastro": "2025-12-27T03:16:18.030Z",
    "data_atualizacao": "2025-12-27T03:16:18.030Z"
  }
},
{
  "model": "core.talhao",
  "pk": 387,
  "fields": {
    "empresa": 3,
    "fazenda": 6,
    "parent": 385,
    "nome": "Parcela 20.02",
    "descricao": null,
    "tipo_solo": null,
    "coordenadas_json": null,
    "area_hectares": "10.0000",
    "cultura_atual": "Milho",
    "ativo": true,
    "data_cadastro": "2025-12-27T03:16:18.031Z",
    "data_atualizacao": "2025-12-27T03:16:18.031Z"
  }
},
{
  "model": "core.talhao",
  "pk": 388,
  "fields": {
    "empresa": 3,
    "fazenda": 6,
    "parent": 385,
    "nome": "Parcela 20.03",
    "descricao": null,
    "tipo_solo": null,
    "coordenadas_json": null,
    "area_hectares": "10.0000",
    "cultura_atual": "Milho",
    "ativo": true,
    "data_cadastro": "2025-12-27T03:16:18.033Z",
    "data_atualizacao": "2025-12-27T03:16:18.033Z"
  }
},
{
  "model": "core.talhao",
  "pk": 389,
  "fields": {
    "empresa": 3,
    "fazenda": 6,
    "parent": 385,
    "nome": "Parcela 20.04",
    "descricao": null,
    "tipo_solo": null,
    "coordenadas_json": null,
    "area_hectares": "10.0000",
    "cultura_atual": "Milho",
    "ativo": true,
    "data_cadastro": "2025-12-27T03:16:18.035Z",
    "data_atualizacao": "2025-12-27T03:16:18.035Z"
  }
},
{
  "model": "core.talhao",
  "pk": 390,
  "fields": {
    "empresa": 3,
    "fazenda": 6,
    "parent": 385,
    "nome": "Parcela 20.05",
    "descricao": null,
    "tipo_solo": null,
    "coordenadas_json": null,
    "area_hectares": "10.0000",
    "cultura_atual": "Milho",
    "ativo": true,
    "data_cadastro": "2025-12-27T03:16:18.037Z",
    "data_atualizacao": "2025-12-27T03:16:18.037Z"
  }
},
{
  "model": "core.talhao",
  "pk": 391,
  "fields": {
    "empresa": 3,
    "fazenda": 6,
    "parent": 385,
    "nome": "Parcela 20.06",
    "descricao": null,
    "tipo_solo": null,
    "coordenadas_json": null,
    "area_hectares": "10.0000",
    "cultura_atual": "Milho",
    "ativo": true,
    "data_cadastro": "2025-12-27T03:16:18.038Z",
    "data_atualizacao": "2025-12-27T03:16:18.040Z"
  }
},
{
  "model": "core.talhao",
  "pk": 392,
  "fields": {
    "empresa": 3,
    "fazenda": 6,
    "parent": 385,
    "nome": "Parcela 20.07",
    "descricao": null,
    "tipo_solo": null,
    "coordenadas_json": null,
    "area_hectares": "10.0000",
    "cultura_atual": "Milho",
    "ativo": true,
    "data_cadastro": "2025-12-27T03:16:18.041Z",
    "data_atualizacao": "2025-12-27T03:16:18.041Z"
  }
},
{
  "model": "core.talhao",
  "pk": 393,
  "fields": {
    "empresa": 3,
    "fazenda": 6,
    "parent": 385,
    "nome": "Parcela 20.08",
    "descricao": null,
    "tipo_solo": null,
    "coordenadas_json": null,
    "area_hectares": "10.0000",
    "cultura_atual": "Milho",
    "ativo": true,
    "data_cadastro": "2025-12-27T03:16:18.044Z",
    "data_atualizacao": "2025-12-27T03:16:18.044Z"
  }
},
{
  "model": "core.talhao",
  "pk": 394,
  "fields": {
    "empresa": 3,
    "fazenda": 6,
    "parent": 385,
    "nome": "Parcela 20.09",
    "descricao": null,
    "tipo_solo": null,
    "coordenadas_json": null,
    "area_hectares": "10.0000",
    "cultura_atual": "Milho",
    "ativo": true,
    "data_cadastro": "2025-12-27T03:16:18.047Z",
    "data_atualizacao": "2025-12-27T03:16:18.047Z"
  }
},
{
  "model": "core.talhao",
  "pk": 395,
  "fields": {
    "empresa": 3,
    "fazenda": 6,
    "parent": 385,
    "nome": "Parcela 20.10",
    "descricao": null,
    "tipo_solo": null,
    "coordenadas_json": null,
    "area_hectares": "10.0000",
    "cultura_atual": "Milho",
    "ativo": true,
    "data_cadastro": "2025-12-27T03:16:18.050Z",
    "data_atualizacao": "2025-12-27T03:16:18.050Z"
  }
},
{
  "model": "core.talhao",
  "pk": 396,
  "fields": {
    "empresa": 3,
    "fazenda": 6,
    "parent": 385,
    "nome": "Parcela 20.11",
    "descricao": null,
    "tipo_solo": null,
    "coordenadas_json": null,
    "area_hectares": "10.0000",
    "cultura_atual": "Milho",
    "ativo": true,
    "data_cadastro": "2025-12-27T03:16:18.052Z",
    "data_atualizacao": "2025-12-27T03:16:18.052Z"
  }
},
{
  "model": "core.talhao",
  "pk": 397,
  "fields": {
    "empresa": 3,
    "fazenda": 6,
    "parent": 385,
    "nome": "Parcela 20.12",
    "descricao": null,
    "tipo_solo": null,
    "coordenadas_json": null,
    "area_hectares": "10.0000",
    "cultura_atual": "Milho",
    "ativo": true,
    "data_cadastro": "2025-12-27T03:16:18.053Z",
    "data_atualizacao": "2025-12-27T03:16:18.053Z"
  }
},
{
  "model": "core.talhao",
  "pk": 398,
  "fields": {
    "empresa": 3,
    "fazenda": 6,
    "parent": null,
    "nome": "M¾dulo B-21",
    "descricao": null,
    "tipo_solo": null,
    "coordenadas_json": null,
    "area_hectares": "120.0000",
    "cultura_atual": "Milho",
    "ativo": true,
    "data_cadastro": "2025-12-27T03:16:18.055Z",
    "data_atualizacao": "2025-12-27T03:16:18.055Z"
  }
},
{
  "model": "core.talhao",
  "pk": 399,
  "fields": {
    "empresa": 3,
    "fazenda": 6,
    "parent": 398,
    "nome": "Parcela 21.01",
    "descricao": null,
    "tipo_solo": null,
    "coordenadas_json": null,
    "area_hectares": "10.0000",
    "cultura_atual": "Milho",
    "ativo": true,
    "data_cadastro": "2025-12-27T03:16:18.057Z",
    "data_atualizacao": "2025-12-27T03:16:18.057Z"
  }
},
{
  "model": "core.talhao",
  "pk": 400,
  "fields": {
    "empresa": 3,
    "fazenda": 6,
    "parent": 398,
    "nome": "Parcela 21.02",
    "descricao": null,
    "tipo_solo": null,
    "coordenadas_json": null,
    "area_hectares": "10.0000",
    "cultura_atual": "Milho",
    "ativo": true,
    "data_cadastro": "2025-12-27T03:16:18.058Z",
    "data_atualizacao": "2025-12-27T03:16:18.058Z"
  }
},
{
  "model": "core.talhao",
  "pk": 401,
  "fields": {
    "empresa": 3,
    "fazenda": 6,
    "parent": 398,
    "nome": "Parcela 21.03",
    "descricao": null,
    "tipo_solo": null,
    "coordenadas_json": null,
    "area_hectares": "10.0000",
    "cultura_atual": "Milho",
    "ativo": true,
    "data_cadastro": "2025-12-27T03:16:18.060Z",
    "data_atualizacao": "2025-12-27T03:16:18.060Z"
  }
},
{
  "model": "core.talhao",
  "pk": 402,
  "fields": {
    "empresa": 3,
    "fazenda": 6,
    "parent": 398,
    "nome": "Parcela 21.04",
    "descricao": null,
    "tipo_solo": null,
    "coordenadas_json": null,
    "area_hectares": "10.0000",
    "cultura_atual": "Milho",
    "ativo": true,
    "data_cadastro": "2025-12-27T03:16:18.061Z",
    "data_atualizacao": "2025-12-27T03:16:18.061Z"
  }
},
{
  "model": "core.talhao",
  "pk": 403,
  "fields": {
    "empresa": 3,
    "fazenda": 6,
    "parent": 398,
    "nome": "Parcela 21.05",
    "descricao": null,
    "tipo_solo": null,
    "coordenadas_json": null,
    "area_hectares": "10.0000",
    "cultura_atual": "Milho",
    "ativo": true,
    "data_cadastro": "2025-12-27T03:16:18.062Z",
    "data_atualizacao": "2025-12-27T03:16:18.062Z"
  }
},
{
  "model": "core.talhao",
  "pk": 404,
  "fields": {
    "empresa": 3,
    "fazenda": 6,
    "parent": 398,
    "nome": "Parcela 21.06",
    "descricao": null,
    "tipo_solo": null,
    "coordenadas_json": null,
    "area_hectares": "10.0000",
    "cultura_atual": "Milho",
    "ativo": true,
    "data_cadastro": "2025-12-27T03:16:18.065Z",
    "data_atualizacao": "2025-12-27T03:16:18.065Z"
  }
},
{
  "model": "core.talhao",
  "pk": 405,
  "fields": {
    "empresa": 3,
    "fazenda": 6,
    "parent": 398,
    "nome": "Parcela 21.07",
    "descricao": null,
    "tipo_solo": null,
    "coordenadas_json": null,
    "area_hectares": "10.0000",
    "cultura_atual": "Milho",
    "ativo": true,
    "data_cadastro": "2025-12-27T03:16:18.066Z",
    "data_atualizacao": "2025-12-27T03:16:18.066Z"
  }
},
{
  "model": "core.talhao",
  "pk": 406,
  "fields": {
    "empresa": 3,
    "fazenda": 6,
    "parent": 398,
    "nome": "Parcela 21.08",
    "descricao": null,
    "tipo_solo": null,
    "coordenadas_json": null,
    "area_hectares": "10.0000",
    "cultura_atual": "Milho",
    "ativo": true,
    "data_cadastro": "2025-12-27T03:16:18.068Z",
    "data_atualizacao": "2025-12-27T03:16:18.068Z"
  }
},
{
  "model": "core.talhao",
  "pk": 407,
  "fields": {
    "empresa": 3,
    "fazenda": 6,
    "parent": 398,
    "nome": "Parcela 21.09",
    "descricao": null,
    "tipo_solo": null,
    "coordenadas_json": null,
    "area_hectares": "10.0000",
    "cultura_atual": "Milho",
    "ativo": true,
    "data_cadastro": "2025-12-27T03:16:18.069Z",
    "data_atualizacao": "2025-12-27T03:16:18.069Z"
  }
},
{
  "model": "core.talhao",
  "pk": 408,
  "fields": {
    "empresa": 3,
    "fazenda": 6,
    "parent": 398,
    "nome": "Parcela 21.10",
    "descricao": null,
    "tipo_solo": null,
    "coordenadas_json": null,
    "area_hectares": "10.0000",
    "cultura_atual": "Milho",
    "ativo": true,
    "data_cadastro": "2025-12-27T03:16:18.070Z",
    "data_atualizacao": "2025-12-27T03:16:18.070Z"
  }
},
{
  "model": "core.talhao",
  "pk": 409,
  "fields": {
    "empresa": 3,
    "fazenda": 6,
    "parent": 398,
    "nome": "Parcela 21.11",
    "descricao": null,
    "tipo_solo": null,
    "coordenadas_json": null,
    "area_hectares": "10.0000",
    "cultura_atual": "Milho",
    "ativo": true,
    "data_cadastro": "2025-12-27T03:16:18.071Z",
    "data_atualizacao": "2025-12-27T03:16:18.071Z"
  }
},
{
  "model": "core.talhao",
  "pk": 410,
  "fields": {
    "empresa": 3,
    "fazenda": 6,
    "parent": 398,
    "nome": "Parcela 21.12",
    "descricao": null,
    "tipo_solo": null,
    "coordenadas_json": null,
    "area_hectares": "10.0000",
    "cultura_atual": "Milho",
    "ativo": true,
    "data_cadastro": "2025-12-27T03:16:18.073Z",
    "data_atualizacao": "2025-12-27T03:16:18.073Z"
  }
},
{
  "model": "core.talhao",
  "pk": 411,
  "fields": {
    "empresa": 3,
    "fazenda": 6,
    "parent": null,
    "nome": "M¾dulo B-22",
    "descricao": null,
    "tipo_solo": null,
    "coordenadas_json": null,
    "area_hectares": "120.0000",
    "cultura_atual": "Milho",
    "ativo": true,
    "data_cadastro": "2025-12-27T03:16:18.075Z",
    "data_atualizacao": "2025-12-27T03:16:18.075Z"
  }
},
{
  "model": "core.talhao",
  "pk": 412,
  "fields": {
    "empresa": 3,
    "fazenda": 6,
    "parent": 411,
    "nome": "Parcela 22.01",
    "descricao": null,
    "tipo_solo": null,
    "coordenadas_json": null,
    "area_hectares": "10.0000",
    "cultura_atual": "Milho",
    "ativo": true,
    "data_cadastro": "2025-12-27T03:16:18.076Z",
    "data_atualizacao": "2025-12-27T03:16:18.076Z"
  }
},
{
  "model": "core.talhao",
  "pk": 413,
  "fields": {
    "empresa": 3,
    "fazenda": 6,
    "parent": 411,
    "nome": "Parcela 22.02",
    "descricao": null,
    "tipo_solo": null,
    "coordenadas_json": null,
    "area_hectares": "10.0000",
    "cultura_atual": "Milho",
    "ativo": true,
    "data_cadastro": "2025-12-27T03:16:18.079Z",
    "data_atualizacao": "2025-12-27T03:16:18.079Z"
  }
},
{
  "model": "core.talhao",
  "pk": 414,
  "fields": {
    "empresa": 3,
    "fazenda": 6,
    "parent": 411,
    "nome": "Parcela 22.03",
    "descricao": null,
    "tipo_solo": null,
    "coordenadas_json": null,
    "area_hectares": "10.0000",
    "cultura_atual": "Milho",
    "ativo": true,
    "data_cadastro": "2025-12-27T03:16:18.080Z",
    "data_atualizacao": "2025-12-27T03:16:18.080Z"
  }
},
{
  "model": "core.talhao",
  "pk": 415,
  "fields": {
    "empresa": 3,
    "fazenda": 6,
    "parent": 411,
    "nome": "Parcela 22.04",
    "descricao": null,
    "tipo_solo": null,
    "coordenadas_json": null,
    "area_hectares": "10.0000",
    "cultura_atual": "Milho",
    "ativo": true,
    "data_cadastro": "2025-12-27T03:16:18.081Z",
    "data_atualizacao": "2025-12-27T03:16:18.081Z"
  }
},
{
  "model": "core.talhao",
  "pk": 416,
  "fields": {
    "empresa": 3,
    "fazenda": 6,
    "parent": 411,
    "nome": "Parcela 22.05",
    "descricao": null,
    "tipo_solo": null,
    "coordenadas_json": null,
    "area_hectares": "10.0000",
    "cultura_atual": "Milho",
    "ativo": true,
    "data_cadastro": "2025-12-27T03:16:18.083Z",
    "data_atualizacao": "2025-12-27T03:16:18.083Z"
  }
},
{
  "model": "core.talhao",
  "pk": 417,
  "fields": {
    "empresa": 3,
    "fazenda": 6,
    "parent": 411,
    "nome": "Parcela 22.06",
    "descricao": null,
    "tipo_solo": null,
    "coordenadas_json": null,
    "area_hectares": "10.0000",
    "cultura_atual": "Milho",
    "ativo": true,
    "data_cadastro": "2025-12-27T03:16:18.086Z",
    "data_atualizacao": "2025-12-27T03:16:18.086Z"
  }
},
{
  "model": "core.talhao",
  "pk": 418,
  "fields": {
    "empresa": 3,
    "fazenda": 6,
    "parent": 411,
    "nome": "Parcela 22.07",
    "descricao": null,
    "tipo_solo": null,
    "coordenadas_json": null,
    "area_hectares": "10.0000",
    "cultura_atual": "Milho",
    "ativo": true,
    "data_cadastro": "2025-12-27T03:16:18.090Z",
    "data_atualizacao": "2025-12-27T03:16:18.090Z"
  }
},
{
  "model": "core.talhao",
  "pk": 419,
  "fields": {
    "empresa": 3,
    "fazenda": 6,
    "parent": 411,
    "nome": "Parcela 22.08",
    "descricao": null,
    "tipo_solo": null,
    "coordenadas_json": null,
    "area_hectares": "10.0000",
    "cultura_atual": "Milho",
    "ativo": true,
    "data_cadastro": "2025-12-27T03:16:18.092Z",
    "data_atualizacao": "2025-12-27T03:16:18.092Z"
  }
},
{
  "model": "core.talhao",
  "pk": 420,
  "fields": {
    "empresa": 3,
    "fazenda": 6,
    "parent": 411,
    "nome": "Parcela 22.09",
    "descricao": null,
    "tipo_solo": null,
    "coordenadas_json": null,
    "area_hectares": "10.0000",
    "cultura_atual": "Milho",
    "ativo": true,
    "data_cadastro": "2025-12-27T03:16:18.094Z",
    "data_atualizacao": "2025-12-27T03:16:18.094Z"
  }
},
{
  "model": "core.talhao",
  "pk": 421,
  "fields": {
    "empresa": 3,
    "fazenda": 6,
    "parent": 411,
    "nome": "Parcela 22.10",
    "descricao": null,
    "tipo_solo": null,
    "coordenadas_json": null,
    "area_hectares": "10.0000",
    "cultura_atual": "Milho",
    "ativo": true,
    "data_cadastro": "2025-12-27T03:16:18.095Z",
    "data_atualizacao": "2025-12-27T03:16:18.095Z"
  }
},
{
  "model": "core.talhao",
  "pk": 422,
  "fields": {
    "empresa": 3,
    "fazenda": 6,
    "parent": 411,
    "nome": "Parcela 22.11",
    "descricao": null,
    "tipo_solo": null,
    "coordenadas_json": null,
    "area_hectares": "10.0000",
    "cultura_atual": "Milho",
    "ativo": true,
    "data_cadastro": "2025-12-27T03:16:18.096Z",
    "data_atualizacao": "2025-12-27T03:16:18.096Z"
  }
},
{
  "model": "core.talhao",
  "pk": 423,
  "fields": {
    "empresa": 3,
    "fazenda": 6,
    "parent": 411,
    "nome": "Parcela 22.12",
    "descricao": null,
    "tipo_solo": null,
    "coordenadas_json": null,
    "area_hectares": "10.0000",
    "cultura_atual": "Milho",
    "ativo": true,
    "data_cadastro": "2025-12-27T03:16:18.098Z",
    "data_atualizacao": "2025-12-27T03:16:18.098Z"
  }
},
{
  "model": "core.talhao",
  "pk": 424,
  "fields": {
    "empresa": 3,
    "fazenda": 6,
    "parent": null,
    "nome": "M¾dulo B-23",
    "descricao": null,
    "tipo_solo": null,
    "coordenadas_json": null,
    "area_hectares": "120.0000",
    "cultura_atual": "Milho",
    "ativo": true,
    "data_cadastro": "2025-12-27T03:16:18.100Z",
    "data_atualizacao": "2025-12-27T03:16:18.100Z"
  }
},
{
  "model": "core.talhao",
  "pk": 425,
  "fields": {
    "empresa": 3,
    "fazenda": 6,
    "parent": 424,
    "nome": "Parcela 23.01",
    "descricao": null,
    "tipo_solo": null,
    "coordenadas_json": null,
    "area_hectares": "10.0000",
    "cultura_atual": "Milho",
    "ativo": true,
    "data_cadastro": "2025-12-27T03:16:18.102Z",
    "data_atualizacao": "2025-12-27T03:16:18.102Z"
  }
},
{
  "model": "core.talhao",
  "pk": 426,
  "fields": {
    "empresa": 3,
    "fazenda": 6,
    "parent": 424,
    "nome": "Parcela 23.02",
    "descricao": null,
    "tipo_solo": null,
    "coordenadas_json": null,
    "area_hectares": "10.0000",
    "cultura_atual": "Milho",
    "ativo": true,
    "data_cadastro": "2025-12-27T03:16:18.103Z",
    "data_atualizacao": "2025-12-27T03:16:18.103Z"
  }
},
{
  "model": "core.talhao",
  "pk": 427,
  "fields": {
    "empresa": 3,
    "fazenda": 6,
    "parent": 424,
    "nome": "Parcela 23.03",
    "descricao": null,
    "tipo_solo": null,
    "coordenadas_json": null,
    "area_hectares": "10.0000",
    "cultura_atual": "Milho",
    "ativo": true,
    "data_cadastro": "2025-12-27T03:16:18.104Z",
    "data_atualizacao": "2025-12-27T03:16:18.104Z"
  }
},
{
  "model": "core.talhao",
  "pk": 428,
  "fields": {
    "empresa": 3,
    "fazenda": 6,
    "parent": 424,
    "nome": "Parcela 23.04",
    "descricao": null,
    "tipo_solo": null,
    "coordenadas_json": null,
    "area_hectares": "10.0000",
    "cultura_atual": "Milho",
    "ativo": true,
    "data_cadastro": "2025-12-27T03:16:18.106Z",
    "data_atualizacao": "2025-12-27T03:16:18.106Z"
  }
},
{
  "model": "core.talhao",
  "pk": 429,
  "fields": {
    "empresa": 3,
    "fazenda": 6,
    "parent": 424,
    "nome": "Parcela 23.05",
    "descricao": null,
    "tipo_solo": null,
    "coordenadas_json": null,
    "area_hectares": "10.0000",
    "cultura_atual": "Milho",
    "ativo": true,
    "data_cadastro": "2025-12-27T03:16:18.108Z",
    "data_atualizacao": "2025-12-27T03:16:18.108Z"
  }
},
{
  "model": "core.talhao",
  "pk": 430,
  "fields": {
    "empresa": 3,
    "fazenda": 6,
    "parent": 424,
    "nome": "Parcela 23.06",
    "descricao": null,
    "tipo_solo": null,
    "coordenadas_json": null,
    "area_hectares": "10.0000",
    "cultura_atual": "Milho",
    "ativo": true,
    "data_cadastro": "2025-12-27T03:16:18.111Z",
    "data_atualizacao": "2025-12-27T03:16:18.111Z"
  }
},
{
  "model": "core.talhao",
  "pk": 431,
  "fields": {
    "empresa": 3,
    "fazenda": 6,
    "parent": 424,
    "nome": "Parcela 23.07",
    "descricao": null,
    "tipo_solo": null,
    "coordenadas_json": null,
    "area_hectares": "10.0000",
    "cultura_atual": "Milho",
    "ativo": true,
    "data_cadastro": "2025-12-27T03:16:18.113Z",
    "data_atualizacao": "2025-12-27T03:16:18.113Z"
  }
},
{
  "model": "core.talhao",
  "pk": 432,
  "fields": {
    "empresa": 3,
    "fazenda": 6,
    "parent": 424,
    "nome": "Parcela 23.08",
    "descricao": null,
    "tipo_solo": null,
    "coordenadas_json": null,
    "area_hectares": "10.0000",
    "cultura_atual": "Milho",
    "ativo": true,
    "data_cadastro": "2025-12-27T03:16:18.114Z",
    "data_atualizacao": "2025-12-27T03:16:18.114Z"
  }
},
{
  "model": "core.talhao",
  "pk": 433,
  "fields": {
    "empresa": 3,
    "fazenda": 6,
    "parent": 424,
    "nome": "Parcela 23.09",
    "descricao": null,
    "tipo_solo": null,
    "coordenadas_json": null,
    "area_hectares": "10.0000",
    "cultura_atual": "Milho",
    "ativo": true,
    "data_cadastro": "2025-12-27T03:16:18.117Z",
    "data_atualizacao": "2025-12-27T03:16:18.117Z"
  }
},
{
  "model": "core.talhao",
  "pk": 434,
  "fields": {
    "empresa": 3,
    "fazenda": 6,
    "parent": 424,
    "nome": "Parcela 23.10",
    "descricao": null,
    "tipo_solo": null,
    "coordenadas_json": null,
    "area_hectares": "10.0000",
    "cultura_atual": "Milho",
    "ativo": true,
    "data_cadastro": "2025-12-27T03:16:18.119Z",
    "data_atualizacao": "2025-12-27T03:16:18.119Z"
  }
},
{
  "model": "core.talhao",
  "pk": 435,
  "fields": {
    "empresa": 3,
    "fazenda": 6,
    "parent": 424,
    "nome": "Parcela 23.11",
    "descricao": null,
    "tipo_solo": null,
    "coordenadas_json": null,
    "area_hectares": "10.0000",
    "cultura_atual": "Milho",
    "ativo": true,
    "data_cadastro": "2025-12-27T03:16:18.122Z",
    "data_atualizacao": "2025-12-27T03:16:18.122Z"
  }
},
{
  "model": "core.talhao",
  "pk": 436,
  "fields": {
    "empresa": 3,
    "fazenda": 6,
    "parent": 424,
    "nome": "Parcela 23.12",
    "descricao": null,
    "tipo_solo": null,
    "coordenadas_json": null,
    "area_hectares": "10.0000",
    "cultura_atual": "Milho",
    "ativo": true,
    "data_cadastro": "2025-12-27T03:16:18.124Z",
    "data_atualizacao": "2025-12-27T03:16:18.124Z"
  }
},
{
  "model": "core.talhao",
  "pk": 437,
  "fields": {
    "empresa": 3,
    "fazenda": 6,
    "parent": null,
    "nome": "M¾dulo B-24",
    "descricao": null,
    "tipo_solo": null,
    "coordenadas_json": null,
    "area_hectares": "120.0000",
    "cultura_atual": "Milho",
    "ativo": true,
    "data_cadastro": "2025-12-27T03:16:18.128Z",
    "data_atualizacao": "2025-12-27T03:16:18.128Z"
  }
},
{
  "model": "core.talhao",
  "pk": 438,
  "fields": {
    "empresa": 3,
    "fazenda": 6,
    "parent": 437,
    "nome": "Parcela 24.01",
    "descricao": null,
    "tipo_solo": null,
    "coordenadas_json": null,
    "area_hectares": "10.0000",
    "cultura_atual": "Milho",
    "ativo": true,
    "data_cadastro": "2025-12-27T03:16:18.131Z",
    "data_atualizacao": "2025-12-27T03:16:18.131Z"
  }
},
{
  "model": "core.talhao",
  "pk": 439,
  "fields": {
    "empresa": 3,
    "fazenda": 6,
    "parent": 437,
    "nome": "Parcela 24.02",
    "descricao": null,
    "tipo_solo": null,
    "coordenadas_json": null,
    "area_hectares": "10.0000",
    "cultura_atual": "Milho",
    "ativo": true,
    "data_cadastro": "2025-12-27T03:16:18.132Z",
    "data_atualizacao": "2025-12-27T03:16:18.132Z"
  }
},
{
  "model": "core.talhao",
  "pk": 440,
  "fields": {
    "empresa": 3,
    "fazenda": 6,
    "parent": 437,
    "nome": "Parcela 24.03",
    "descricao": null,
    "tipo_solo": null,
    "coordenadas_json": null,
    "area_hectares": "10.0000",
    "cultura_atual": "Milho",
    "ativo": true,
    "data_cadastro": "2025-12-27T03:16:18.134Z",
    "data_atualizacao": "2025-12-27T03:16:18.134Z"
  }
},
{
  "model": "core.talhao",
  "pk": 441,
  "fields": {
    "empresa": 3,
    "fazenda": 6,
    "parent": 437,
    "nome": "Parcela 24.04",
    "descricao": null,
    "tipo_solo": null,
    "coordenadas_json": null,
    "area_hectares": "10.0000",
    "cultura_atual": "Milho",
    "ativo": true,
    "data_cadastro": "2025-12-27T03:16:18.136Z",
    "data_atualizacao": "2025-12-27T03:16:18.136Z"
  }
},
{
  "model": "core.talhao",
  "pk": 442,
  "fields": {
    "empresa": 3,
    "fazenda": 6,
    "parent": 437,
    "nome": "Parcela 24.05",
    "descricao": null,
    "tipo_solo": null,
    "coordenadas_json": null,
    "area_hectares": "10.0000",
    "cultura_atual": "Milho",
    "ativo": true,
    "data_cadastro": "2025-12-27T03:16:18.138Z",
    "data_atualizacao": "2025-12-27T03:16:18.138Z"
  }
},
{
  "model": "core.talhao",
  "pk": 443,
  "fields": {
    "empresa": 3,
    "fazenda": 6,
    "parent": 437,
    "nome": "Parcela 24.06",
    "descricao": null,
    "tipo_solo": null,
    "coordenadas_json": null,
    "area_hectares": "10.0000",
    "cultura_atual": "Milho",
    "ativo": true,
    "data_cadastro": "2025-12-27T03:16:18.140Z",
    "data_atualizacao": "2025-12-27T03:16:18.140Z"
  }
},
{
  "model": "core.talhao",
  "pk": 444,
  "fields": {
    "empresa": 3,
    "fazenda": 6,
    "parent": 437,
    "nome": "Parcela 24.07",
    "descricao": null,
    "tipo_solo": null,
    "coordenadas_json": null,
    "area_hectares": "10.0000",
    "cultura_atual": "Milho",
    "ativo": true,
    "data_cadastro": "2025-12-27T03:16:18.142Z",
    "data_atualizacao": "2025-12-27T03:16:18.142Z"
  }
},
{
  "model": "core.talhao",
  "pk": 445,
  "fields": {
    "empresa": 3,
    "fazenda": 6,
    "parent": 437,
    "nome": "Parcela 24.08",
    "descricao": null,
    "tipo_solo": null,
    "coordenadas_json": null,
    "area_hectares": "10.0000",
    "cultura_atual": "Milho",
    "ativo": true,
    "data_cadastro": "2025-12-27T03:16:18.144Z",
    "data_atualizacao": "2025-12-27T03:16:18.144Z"
  }
},
{
  "model": "core.talhao",
  "pk": 446,
  "fields": {
    "empresa": 3,
    "fazenda": 6,
    "parent": 437,
    "nome": "Parcela 24.09",
    "descricao": null,
    "tipo_solo": null,
    "coordenadas_json": null,
    "area_hectares": "10.0000",
    "cultura_atual": "Milho",
    "ativo": true,
    "data_cadastro": "2025-12-27T03:16:18.145Z",
    "data_atualizacao": "2025-12-27T03:16:18.145Z"
  }
},
{
  "model": "core.talhao",
  "pk": 447,
  "fields": {
    "empresa": 3,
    "fazenda": 6,
    "parent": 437,
    "nome": "Parcela 24.10",
    "descricao": null,
    "tipo_solo": null,
    "coordenadas_json": null,
    "area_hectares": "10.0000",
    "cultura_atual": "Milho",
    "ativo": true,
    "data_cadastro": "2025-12-27T03:16:18.146Z",
    "data_atualizacao": "2025-12-27T03:16:18.146Z"
  }
},
{
  "model": "core.talhao",
  "pk": 448,
  "fields": {
    "empresa": 3,
    "fazenda": 6,
    "parent": 437,
    "nome": "Parcela 24.11",
    "descricao": null,
    "tipo_solo": null,
    "coordenadas_json": null,
    "area_hectares": "10.0000",
    "cultura_atual": "Milho",
    "ativo": true,
    "data_cadastro": "2025-12-27T03:16:18.148Z",
    "data_atualizacao": "2025-12-27T03:16:18.148Z"
  }
},
{
  "model": "core.talhao",
  "pk": 449,
  "fields": {
    "empresa": 3,
    "fazenda": 6,
    "parent": 437,
    "nome": "Parcela 24.12",
    "descricao": null,
    "tipo_solo": null,
    "coordenadas_json": null,
    "area_hectares": "10.0000",
    "cultura_atual": "Milho",
    "ativo": true,
    "data_cadastro": "2025-12-27T03:16:18.150Z",
    "data_atualizacao": "2025-12-27T03:16:18.150Z"
  }
},
{
  "model": "core.talhao",
  "pk": 450,
  "fields": {
    "empresa": 3,
    "fazenda": 6,
    "parent": null,
    "nome": "M¾dulo B-25",
    "descricao": null,
    "tipo_solo": null,
    "coordenadas_json": null,
    "area_hectares": "120.0000",
    "cultura_atual": "Milho",
    "ativo": true,
    "data_cadastro": "2025-12-27T03:16:18.152Z",
    "data_atualizacao": "2025-12-27T03:16:18.152Z"
  }
},
{
  "model": "core.talhao",
  "pk": 451,
  "fields": {
    "empresa": 3,
    "fazenda": 6,
    "parent": 450,
    "nome": "Parcela 25.01",
    "descricao": null,
    "tipo_solo": null,
    "coordenadas_json": null,
    "area_hectares": "10.0000",
    "cultura_atual": "Milho",
    "ativo": true,
    "data_cadastro": "2025-12-27T03:16:18.154Z",
    "data_atualizacao": "2025-12-27T03:16:18.154Z"
  }
},
{
  "model": "core.talhao",
  "pk": 452,
  "fields": {
    "empresa": 3,
    "fazenda": 6,
    "parent": 450,
    "nome": "Parcela 25.02",
    "descricao": null,
    "tipo_solo": null,
    "coordenadas_json": null,
    "area_hectares": "10.0000",
    "cultura_atual": "Milho",
    "ativo": true,
    "data_cadastro": "2025-12-27T03:16:18.156Z",
    "data_atualizacao": "2025-12-27T03:16:18.156Z"
  }
},
{
  "model": "core.talhao",
  "pk": 453,
  "fields": {
    "empresa": 3,
    "fazenda": 6,
    "parent": 450,
    "nome": "Parcela 25.03",
    "descricao": null,
    "tipo_solo": null,
    "coordenadas_json": null,
    "area_hectares": "10.0000",
    "cultura_atual": "Milho",
    "ativo": true,
    "data_cadastro": "2025-12-27T03:16:18.159Z",
    "data_atualizacao": "2025-12-27T03:16:18.159Z"
  }
},
{
  "model": "core.talhao",
  "pk": 454,
  "fields": {
    "empresa": 3,
    "fazenda": 6,
    "parent": 450,
    "nome": "Parcela 25.04",
    "descricao": null,
    "tipo_solo": null,
    "coordenadas_json": null,
    "area_hectares": "10.0000",
    "cultura_atual": "Milho",
    "ativo": true,
    "data_cadastro": "2025-12-27T03:16:18.161Z",
    "data_atualizacao": "2025-12-27T03:16:18.161Z"
  }
},
{
  "model": "core.talhao",
  "pk": 455,
  "fields": {
    "empresa": 3,
    "fazenda": 6,
    "parent": 450,
    "nome": "Parcela 25.05",
    "descricao": null,
    "tipo_solo": null,
    "coordenadas_json": null,
    "area_hectares": "10.0000",
    "cultura_atual": "Milho",
    "ativo": true,
    "data_cadastro": "2025-12-27T03:16:18.163Z",
    "data_atualizacao": "2025-12-27T03:16:18.163Z"
  }
},
{
  "model": "core.talhao",
  "pk": 456,
  "fields": {
    "empresa": 3,
    "fazenda": 6,
    "parent": 450,
    "nome": "Parcela 25.06",
    "descricao": null,
    "tipo_solo": null,
    "coordenadas_json": null,
    "area_hectares": "10.0000",
    "cultura_atual": "Milho",
    "ativo": true,
    "data_cadastro": "2025-12-27T03:16:18.164Z",
    "data_atualizacao": "2025-12-27T03:16:18.164Z"
  }
},
{
  "model": "core.talhao",
  "pk": 457,
  "fields": {
    "empresa": 3,
    "fazenda": 6,
    "parent": 450,
    "nome": "Parcela 25.07",
    "descricao": null,
    "tipo_solo": null,
    "coordenadas_json": null,
    "area_hectares": "10.0000",
    "cultura_atual": "Milho",
    "ativo": true,
    "data_cadastro": "2025-12-27T03:16:18.167Z",
    "data_atualizacao": "2025-12-27T03:16:18.167Z"
  }
},
{
  "model": "core.talhao",
  "pk": 458,
  "fields": {
    "empresa": 3,
    "fazenda": 6,
    "parent": 450,
    "nome": "Parcela 25.08",
    "descricao": null,
    "tipo_solo": null,
    "coordenadas_json": null,
    "area_hectares": "10.0000",
    "cultura_atual": "Milho",
    "ativo": true,
    "data_cadastro": "2025-12-27T03:16:18.169Z",
    "data_atualizacao": "2025-12-27T03:16:18.169Z"
  }
},
{
  "model": "core.talhao",
  "pk": 459,
  "fields": {
    "empresa": 3,
    "fazenda": 6,
    "parent": 450,
    "nome": "Parcela 25.09",
    "descricao": null,
    "tipo_solo": null,
    "coordenadas_json": null,
    "area_hectares": "10.0000",
    "cultura_atual": "Milho",
    "ativo": true,
    "data_cadastro": "2025-12-27T03:16:18.170Z",
    "data_atualizacao": "2025-12-27T03:16:18.170Z"
  }
},
{
  "model": "core.talhao",
  "pk": 460,
  "fields": {
    "empresa": 3,
    "fazenda": 6,
    "parent": 450,
    "nome": "Parcela 25.10",
    "descricao": null,
    "tipo_solo": null,
    "coordenadas_json": null,
    "area_hectares": "10.0000",
    "cultura_atual": "Milho",
    "ativo": true,
    "data_cadastro": "2025-12-27T03:16:18.171Z",
    "data_atualizacao": "2025-12-27T03:16:18.171Z"
  }
},
{
  "model": "core.talhao",
  "pk": 461,
  "fields": {
    "empresa": 3,
    "fazenda": 6,
    "parent": 450,
    "nome": "Parcela 25.11",
    "descricao": null,
    "tipo_solo": null,
    "coordenadas_json": null,
    "area_hectares": "10.0000",
    "cultura_atual": "Milho",
    "ativo": true,
    "data_cadastro": "2025-12-27T03:16:18.173Z",
    "data_atualizacao": "2025-12-27T03:16:18.173Z"
  }
},
{
  "model": "core.talhao",
  "pk": 462,
  "fields": {
    "empresa": 3,
    "fazenda": 6,
    "parent": 450,
    "nome": "Parcela 25.12",
    "descricao": null,
    "tipo_solo": null,
    "coordenadas_json": null,
    "area_hectares": "10.0000",
    "cultura_atual": "Milho",
    "ativo": true,
    "data_cadastro": "2025-12-27T03:16:18.174Z",
    "data_atualizacao": "2025-12-27T03:16:18.174Z"
  }
},
{
  "model": "core.talhao",
  "pk": 463,
  "fields": {
    "empresa": 3,
    "fazenda": 6,
    "parent": null,
    "nome": "M¾dulo B-26",
    "descricao": null,
    "tipo_solo": null,
    "coordenadas_json": null,
    "area_hectares": "120.0000",
    "cultura_atual": "Milho",
    "ativo": true,
    "data_cadastro": "2025-12-27T03:16:18.175Z",
    "data_atualizacao": "2025-12-27T03:16:18.175Z"
  }
},
{
  "model": "core.talhao",
  "pk": 464,
  "fields": {
    "empresa": 3,
    "fazenda": 6,
    "parent": 463,
    "nome": "Parcela 26.01",
    "descricao": null,
    "tipo_solo": null,
    "coordenadas_json": null,
    "area_hectares": "10.0000",
    "cultura_atual": "Milho",
    "ativo": true,
    "data_cadastro": "2025-12-27T03:16:18.177Z",
    "data_atualizacao": "2025-12-27T03:16:18.177Z"
  }
},
{
  "model": "core.talhao",
  "pk": 465,
  "fields": {
    "empresa": 3,
    "fazenda": 6,
    "parent": 463,
    "nome": "Parcela 26.02",
    "descricao": null,
    "tipo_solo": null,
    "coordenadas_json": null,
    "area_hectares": "10.0000",
    "cultura_atual": "Milho",
    "ativo": true,
    "data_cadastro": "2025-12-27T03:16:18.179Z",
    "data_atualizacao": "2025-12-27T03:16:18.179Z"
  }
},
{
  "model": "core.talhao",
  "pk": 466,
  "fields": {
    "empresa": 3,
    "fazenda": 6,
    "parent": 463,
    "nome": "Parcela 26.03",
    "descricao": null,
    "tipo_solo": null,
    "coordenadas_json": null,
    "area_hectares": "10.0000",
    "cultura_atual": "Milho",
    "ativo": true,
    "data_cadastro": "2025-12-27T03:16:18.180Z",
    "data_atualizacao": "2025-12-27T03:16:18.180Z"
  }
},
{
  "model": "core.talhao",
  "pk": 467,
  "fields": {
    "empresa": 3,
    "fazenda": 6,
    "parent": 463,
    "nome": "Parcela 26.04",
    "descricao": null,
    "tipo_solo": null,
    "coordenadas_json": null,
    "area_hectares": "10.0000",
    "cultura_atual": "Milho",
    "ativo": true,
    "data_cadastro": "2025-12-27T03:16:18.181Z",
    "data_atualizacao": "2025-12-27T03:16:18.181Z"
  }
},
{
  "model": "core.talhao",
  "pk": 468,
  "fields": {
    "empresa": 3,
    "fazenda": 6,
    "parent": 463,
    "nome": "Parcela 26.05",
    "descricao": null,
    "tipo_solo": null,
    "coordenadas_json": null,
    "area_hectares": "10.0000",
    "cultura_atual": "Milho",
    "ativo": true,
    "data_cadastro": "2025-12-27T03:16:18.182Z",
    "data_atualizacao": "2025-12-27T03:16:18.182Z"
  }
},
{
  "model": "core.talhao",
  "pk": 469,
  "fields": {
    "empresa": 3,
    "fazenda": 6,
    "parent": 463,
    "nome": "Parcela 26.06",
    "descricao": null,
    "tipo_solo": null,
    "coordenadas_json": null,
    "area_hectares": "10.0000",
    "cultura_atual": "Milho",
    "ativo": true,
    "data_cadastro": "2025-12-27T03:16:18.184Z",
    "data_atualizacao": "2025-12-27T03:16:18.184Z"
  }
},
{
  "model": "core.talhao",
  "pk": 470,
  "fields": {
    "empresa": 3,
    "fazenda": 6,
    "parent": 463,
    "nome": "Parcela 26.07",
    "descricao": null,
    "tipo_solo": null,
    "coordenadas_json": null,
    "area_hectares": "10.0000",
    "cultura_atual": "Milho",
    "ativo": true,
    "data_cadastro": "2025-12-27T03:16:18.185Z",
    "data_atualizacao": "2025-12-27T03:16:18.185Z"
  }
},
{
  "model": "core.talhao",
  "pk": 471,
  "fields": {
    "empresa": 3,
    "fazenda": 6,
    "parent": 463,
    "nome": "Parcela 26.08",
    "descricao": null,
    "tipo_solo": null,
    "coordenadas_json": null,
    "area_hectares": "10.0000",
    "cultura_atual": "Milho",
    "ativo": true,
    "data_cadastro": "2025-12-27T03:16:18.187Z",
    "data_atualizacao": "2025-12-27T03:16:18.187Z"
  }
},
{
  "model": "core.talhao",
  "pk": 472,
  "fields": {
    "empresa": 3,
    "fazenda": 6,
    "parent": 463,
    "nome": "Parcela 26.09",
    "descricao": null,
    "tipo_solo": null,
    "coordenadas_json": null,
    "area_hectares": "10.0000",
    "cultura_atual": "Milho",
    "ativo": true,
    "data_cadastro": "2025-12-27T03:16:18.188Z",
    "data_atualizacao": "2025-12-27T03:16:18.188Z"
  }
},
{
  "model": "core.talhao",
  "pk": 473,
  "fields": {
    "empresa": 3,
    "fazenda": 6,
    "parent": 463,
    "nome": "Parcela 26.10",
    "descricao": null,
    "tipo_solo": null,
    "coordenadas_json": null,
    "area_hectares": "10.0000",
    "cultura_atual": "Milho",
    "ativo": true,
    "data_cadastro": "2025-12-27T03:16:18.190Z",
    "data_atualizacao": "2025-12-27T03:16:18.190Z"
  }
},
{
  "model": "core.talhao",
  "pk": 474,
  "fields": {
    "empresa": 3,
    "fazenda": 6,
    "parent": 463,
    "nome": "Parcela 26.11",
    "descricao": null,
    "tipo_solo": null,
    "coordenadas_json": null,
    "area_hectares": "10.0000",
    "cultura_atual": "Milho",
    "ativo": true,
    "data_cadastro": "2025-12-27T03:16:18.190Z",
    "data_atualizacao": "2025-12-27T03:16:18.190Z"
  }
},
{
  "model": "core.talhao",
  "pk": 475,
  "fields": {
    "empresa": 3,
    "fazenda": 6,
    "parent": 463,
    "nome": "Parcela 26.12",
    "descricao": null,
    "tipo_solo": null,
    "coordenadas_json": null,
    "area_hectares": "10.0000",
    "cultura_atual": "Milho",
    "ativo": true,
    "data_cadastro": "2025-12-27T03:16:18.193Z",
    "data_atualizacao": "2025-12-27T03:16:18.193Z"
  }
},
{
  "model": "core.talhao",
  "pk": 476,
  "fields": {
    "empresa": 3,
    "fazenda": 6,
    "parent": null,
    "nome": "M¾dulo B-27",
    "descricao": null,
    "tipo_solo": null,
    "coordenadas_json": null,
    "area_hectares": "120.0000",
    "cultura_atual": "Milho",
    "ativo": true,
    "data_cadastro": "2025-12-27T03:16:18.196Z",
    "data_atualizacao": "2025-12-27T03:16:18.196Z"
  }
},
{
  "model": "core.talhao",
  "pk": 477,
  "fields": {
    "empresa": 3,
    "fazenda": 6,
    "parent": 476,
    "nome": "Parcela 27.01",
    "descricao": null,
    "tipo_solo": null,
    "coordenadas_json": null,
    "area_hectares": "10.0000",
    "cultura_atual": "Milho",
    "ativo": true,
    "data_cadastro": "2025-12-27T03:16:18.197Z",
    "data_atualizacao": "2025-12-27T03:16:18.197Z"
  }
},
{
  "model": "core.talhao",
  "pk": 478,
  "fields": {
    "empresa": 3,
    "fazenda": 6,
    "parent": 476,
    "nome": "Parcela 27.02",
    "descricao": null,
    "tipo_solo": null,
    "coordenadas_json": null,
    "area_hectares": "10.0000",
    "cultura_atual": "Milho",
    "ativo": true,
    "data_cadastro": "2025-12-27T03:16:18.200Z",
    "data_atualizacao": "2025-12-27T03:16:18.200Z"
  }
},
{
  "model": "core.talhao",
  "pk": 479,
  "fields": {
    "empresa": 3,
    "fazenda": 6,
    "parent": 476,
    "nome": "Parcela 27.03",
    "descricao": null,
    "tipo_solo": null,
    "coordenadas_json": null,
    "area_hectares": "10.0000",
    "cultura_atual": "Milho",
    "ativo": true,
    "data_cadastro": "2025-12-27T03:16:18.202Z",
    "data_atualizacao": "2025-12-27T03:16:18.202Z"
  }
},
{
  "model": "core.talhao",
  "pk": 480,
  "fields": {
    "empresa": 3,
    "fazenda": 6,
    "parent": 476,
    "nome": "Parcela 27.04",
    "descricao": null,
    "tipo_solo": null,
    "coordenadas_json": null,
    "area_hectares": "10.0000",
    "cultura_atual": "Milho",
    "ativo": true,
    "data_cadastro": "2025-12-27T03:16:18.203Z",
    "data_atualizacao": "2025-12-27T03:16:18.203Z"
  }
},
{
  "model": "core.talhao",
  "pk": 481,
  "fields": {
    "empresa": 3,
    "fazenda": 6,
    "parent": 476,
    "nome": "Parcela 27.05",
    "descricao": null,
    "tipo_solo": null,
    "coordenadas_json": null,
    "area_hectares": "10.0000",
    "cultura_atual": "Milho",
    "ativo": true,
    "data_cadastro": "2025-12-27T03:16:18.204Z",
    "data_atualizacao": "2025-12-27T03:16:18.204Z"
  }
},
{
  "model": "core.talhao",
  "pk": 482,
  "fields": {
    "empresa": 3,
    "fazenda": 6,
    "parent": 476,
    "nome": "Parcela 27.06",
    "descricao": null,
    "tipo_solo": null,
    "coordenadas_json": null,
    "area_hectares": "10.0000",
    "cultura_atual": "Milho",
    "ativo": true,
    "data_cadastro": "2025-12-27T03:16:18.205Z",
    "data_atualizacao": "2025-12-27T03:16:18.205Z"
  }
},
{
  "model": "core.talhao",
  "pk": 483,
  "fields": {
    "empresa": 3,
    "fazenda": 6,
    "parent": 476,
    "nome": "Parcela 27.07",
    "descricao": null,
    "tipo_solo": null,
    "coordenadas_json": null,
    "area_hectares": "10.0000",
    "cultura_atual": "Milho",
    "ativo": true,
    "data_cadastro": "2025-12-27T03:16:18.207Z",
    "data_atualizacao": "2025-12-27T03:16:18.207Z"
  }
},
{
  "model": "core.talhao",
  "pk": 484,
  "fields": {
    "empresa": 3,
    "fazenda": 6,
    "parent": 476,
    "nome": "Parcela 27.08",
    "descricao": null,
    "tipo_solo": null,
    "coordenadas_json": null,
    "area_hectares": "10.0000",
    "cultura_atual": "Milho",
    "ativo": true,
    "data_cadastro": "2025-12-27T03:16:18.209Z",
    "data_atualizacao": "2025-12-27T03:16:18.209Z"
  }
},
{
  "model": "core.talhao",
  "pk": 485,
  "fields": {
    "empresa": 3,
    "fazenda": 6,
    "parent": 476,
    "nome": "Parcela 27.09",
    "descricao": null,
    "tipo_solo": null,
    "coordenadas_json": null,
    "area_hectares": "10.0000",
    "cultura_atual": "Milho",
    "ativo": true,
    "data_cadastro": "2025-12-27T03:16:18.210Z",
    "data_atualizacao": "2025-12-27T03:16:18.210Z"
  }
},
{
  "model": "core.talhao",
  "pk": 486,
  "fields": {
    "empresa": 3,
    "fazenda": 6,
    "parent": 476,
    "nome": "Parcela 27.10",
    "descricao": null,
    "tipo_solo": null,
    "coordenadas_json": null,
    "area_hectares": "10.0000",
    "cultura_atual": "Milho",
    "ativo": true,
    "data_cadastro": "2025-12-27T03:16:18.211Z",
    "data_atualizacao": "2025-12-27T03:16:18.211Z"
  }
},
{
  "model": "core.talhao",
  "pk": 487,
  "fields": {
    "empresa": 3,
    "fazenda": 6,
    "parent": 476,
    "nome": "Parcela 27.11",
    "descricao": null,
    "tipo_solo": null,
    "coordenadas_json": null,
    "area_hectares": "10.0000",
    "cultura_atual": "Milho",
    "ativo": true,
    "data_cadastro": "2025-12-27T03:16:18.212Z",
    "data_atualizacao": "2025-12-27T03:16:18.212Z"
  }
},
{
  "model": "core.talhao",
  "pk": 488,
  "fields": {
    "empresa": 3,
    "fazenda": 6,
    "parent": 476,
    "nome": "Parcela 27.12",
    "descricao": null,
    "tipo_solo": null,
    "coordenadas_json": null,
    "area_hectares": "10.0000",
    "cultura_atual": "Milho",
    "ativo": true,
    "data_cadastro": "2025-12-27T03:16:18.214Z",
    "data_atualizacao": "2025-12-27T03:16:18.214Z"
  }
},
{
  "model": "core.talhao",
  "pk": 489,
  "fields": {
    "empresa": 3,
    "fazenda": 6,
    "parent": null,
    "nome": "M¾dulo B-28",
    "descricao": null,
    "tipo_solo": null,
    "coordenadas_json": null,
    "area_hectares": "120.0000",
    "cultura_atual": "Milho",
    "ativo": true,
    "data_cadastro": "2025-12-27T03:16:18.215Z",
    "data_atualizacao": "2025-12-27T03:16:18.215Z"
  }
},
{
  "model": "core.talhao",
  "pk": 490,
  "fields": {
    "empresa": 3,
    "fazenda": 6,
    "parent": 489,
    "nome": "Parcela 28.01",
    "descricao": null,
    "tipo_solo": null,
    "coordenadas_json": null,
    "area_hectares": "10.0000",
    "cultura_atual": "Milho",
    "ativo": true,
    "data_cadastro": "2025-12-27T03:16:18.217Z",
    "data_atualizacao": "2025-12-27T03:16:18.217Z"
  }
},
{
  "model": "core.talhao",
  "pk": 491,
  "fields": {
    "empresa": 3,
    "fazenda": 6,
    "parent": 489,
    "nome": "Parcela 28.02",
    "descricao": null,
    "tipo_solo": null,
    "coordenadas_json": null,
    "area_hectares": "10.0000",
    "cultura_atual": "Milho",
    "ativo": true,
    "data_cadastro": "2025-12-27T03:16:18.218Z",
    "data_atualizacao": "2025-12-27T03:16:18.218Z"
  }
},
{
  "model": "core.talhao",
  "pk": 492,
  "fields": {
    "empresa": 3,
    "fazenda": 6,
    "parent": 489,
    "nome": "Parcela 28.03",
    "descricao": null,
    "tipo_solo": null,
    "coordenadas_json": null,
    "area_hectares": "10.0000",
    "cultura_atual": "Milho",
    "ativo": true,
    "data_cadastro": "2025-12-27T03:16:18.219Z",
    "data_atualizacao": "2025-12-27T03:16:18.219Z"
  }
},
{
  "model": "core.talhao",
  "pk": 493,
  "fields": {
    "empresa": 3,
    "fazenda": 6,
    "parent": 489,
    "nome": "Parcela 28.04",
    "descricao": null,
    "tipo_solo": null,
    "coordenadas_json": null,
    "area_hectares": "10.0000",
    "cultura_atual": "Milho",
    "ativo": true,
    "data_cadastro": "2025-12-27T03:16:18.223Z",
    "data_atualizacao": "2025-12-27T03:16:18.223Z"
  }
},
{
  "model": "core.talhao",
  "pk": 494,
  "fields": {
    "empresa": 3,
    "fazenda": 6,
    "parent": 489,
    "nome": "Parcela 28.05",
    "descricao": null,
    "tipo_solo": null,
    "coordenadas_json": null,
    "area_hectares": "10.0000",
    "cultura_atual": "Milho",
    "ativo": true,
    "data_cadastro": "2025-12-27T03:16:18.225Z",
    "data_atualizacao": "2025-12-27T03:16:18.225Z"
  }
},
{
  "model": "core.talhao",
  "pk": 495,
  "fields": {
    "empresa": 3,
    "fazenda": 6,
    "parent": 489,
    "nome": "Parcela 28.06",
    "descricao": null,
    "tipo_solo": null,
    "coordenadas_json": null,
    "area_hectares": "10.0000",
    "cultura_atual": "Milho",
    "ativo": true,
    "data_cadastro": "2025-12-27T03:16:18.227Z",
    "data_atualizacao": "2025-12-27T03:16:18.227Z"
  }
},
{
  "model": "core.talhao",
  "pk": 496,
  "fields": {
    "empresa": 3,
    "fazenda": 6,
    "parent": 489,
    "nome": "Parcela 28.07",
    "descricao": null,
    "tipo_solo": null,
    "coordenadas_json": null,
    "area_hectares": "10.0000",
    "cultura_atual": "Milho",
    "ativo": true,
    "data_cadastro": "2025-12-27T03:16:18.232Z",
    "data_atualizacao": "2025-12-27T03:16:18.232Z"
  }
},
{
  "model": "core.talhao",
  "pk": 497,
  "fields": {
    "empresa": 3,
    "fazenda": 6,
    "parent": 489,
    "nome": "Parcela 28.08",
    "descricao": null,
    "tipo_solo": null,
    "coordenadas_json": null,
    "area_hectares": "10.0000",
    "cultura_atual": "Milho",
    "ativo": true,
    "data_cadastro": "2025-12-27T03:16:18.234Z",
    "data_atualizacao": "2025-12-27T03:16:18.234Z"
  }
},
{
  "model": "core.talhao",
  "pk": 498,
  "fields": {
    "empresa": 3,
    "fazenda": 6,
    "parent": 489,
    "nome": "Parcela 28.09",
    "descricao": null,
    "tipo_solo": null,
    "coordenadas_json": null,
    "area_hectares": "10.0000",
    "cultura_atual": "Milho",
    "ativo": true,
    "data_cadastro": "2025-12-27T03:16:18.235Z",
    "data_atualizacao": "2025-12-27T03:16:18.235Z"
  }
},
{
  "model": "core.talhao",
  "pk": 499,
  "fields": {
    "empresa": 3,
    "fazenda": 6,
    "parent": 489,
    "nome": "Parcela 28.10",
    "descricao": null,
    "tipo_solo": null,
    "coordenadas_json": null,
    "area_hectares": "10.0000",
    "cultura_atual": "Milho",
    "ativo": true,
    "data_cadastro": "2025-12-27T03:16:18.239Z",
    "data_atualizacao": "2025-12-27T03:16:18.239Z"
  }
},
{
  "model": "core.talhao",
  "pk": 500,
  "fields": {
    "empresa": 3,
    "fazenda": 6,
    "parent": 489,
    "nome": "Parcela 28.11",
    "descricao": null,
    "tipo_solo": null,
    "coordenadas_json": null,
    "area_hectares": "10.0000",
    "cultura_atual": "Milho",
    "ativo": true,
    "data_cadastro": "2025-12-27T03:16:18.242Z",
    "data_atualizacao": "2025-12-27T03:16:18.242Z"
  }
},
{
  "model": "core.talhao",
  "pk": 501,
  "fields": {
    "empresa": 3,
    "fazenda": 6,
    "parent": 489,
    "nome": "Parcela 28.12",
    "descricao": null,
    "tipo_solo": null,
    "coordenadas_json": null,
    "area_hectares": "10.0000",
    "cultura_atual": "Milho",
    "ativo": true,
    "data_cadastro": "2025-12-27T03:16:18.244Z",
    "data_atualizacao": "2025-12-27T03:16:18.244Z"
  }
},
{
  "model": "core.talhao",
  "pk": 502,
  "fields": {
    "empresa": 3,
    "fazenda": 6,
    "parent": null,
    "nome": "M¾dulo B-29",
    "descricao": null,
    "tipo_solo": null,
    "coordenadas_json": null,
    "area_hectares": "120.0000",
    "cultura_atual": "Milho",
    "ativo": true,
    "data_cadastro": "2025-12-27T03:16:18.247Z",
    "data_atualizacao": "2025-12-27T03:16:18.247Z"
  }
},
{
  "model": "core.talhao",
  "pk": 503,
  "fields": {
    "empresa": 3,
    "fazenda": 6,
    "parent": 502,
    "nome": "Parcela 29.01",
    "descricao": null,
    "tipo_solo": null,
    "coordenadas_json": null,
    "area_hectares": "10.0000",
    "cultura_atual": "Milho",
    "ativo": true,
    "data_cadastro": "2025-12-27T03:16:18.248Z",
    "data_atualizacao": "2025-12-27T03:16:18.248Z"
  }
},
{
  "model": "core.talhao",
  "pk": 504,
  "fields": {
    "empresa": 3,
    "fazenda": 6,
    "parent": 502,
    "nome": "Parcela 29.02",
    "descricao": null,
    "tipo_solo": null,
    "coordenadas_json": null,
    "area_hectares": "10.0000",
    "cultura_atual": "Milho",
    "ativo": true,
    "data_cadastro": "2025-12-27T03:16:18.250Z",
    "data_atualizacao": "2025-12-27T03:16:18.250Z"
  }
},
{
  "model": "core.talhao",
  "pk": 505,
  "fields": {
    "empresa": 3,
    "fazenda": 6,
    "parent": 502,
    "nome": "Parcela 29.03",
    "descricao": null,
    "tipo_solo": null,
    "coordenadas_json": null,
    "area_hectares": "10.0000",
    "cultura_atual": "Milho",
    "ativo": true,
    "data_cadastro": "2025-12-27T03:16:18.251Z",
    "data_atualizacao": "2025-12-27T03:16:18.251Z"
  }
},
{
  "model": "core.talhao",
  "pk": 506,
  "fields": {
    "empresa": 3,
    "fazenda": 6,
    "parent": 502,
    "nome": "Parcela 29.04",
    "descricao": null,
    "tipo_solo": null,
    "coordenadas_json": null,
    "area_hectares": "10.0000",
    "cultura_atual": "Milho",
    "ativo": true,
    "data_cadastro": "2025-12-27T03:16:18.252Z",
    "data_atualizacao": "2025-12-27T03:16:18.252Z"
  }
},
{
  "model": "core.talhao",
  "pk": 507,
  "fields": {
    "empresa": 3,
    "fazenda": 6,
    "parent": 502,
    "nome": "Parcela 29.05",
    "descricao": null,
    "tipo_solo": null,
    "coordenadas_json": null,
    "area_hectares": "10.0000",
    "cultura_atual": "Milho",
    "ativo": true,
    "data_cadastro": "2025-12-27T03:16:18.253Z",
    "data_atualizacao": "2025-12-27T03:16:18.253Z"
  }
},
{
  "model": "core.talhao",
  "pk": 508,
  "fields": {
    "empresa": 3,
    "fazenda": 6,
    "parent": 502,
    "nome": "Parcela 29.06",
    "descricao": null,
    "tipo_solo": null,
    "coordenadas_json": null,
    "area_hectares": "10.0000",
    "cultura_atual": "Milho",
    "ativo": true,
    "data_cadastro": "2025-12-27T03:16:18.254Z",
    "data_atualizacao": "2025-12-27T03:16:18.254Z"
  }
},
{
  "model": "core.talhao",
  "pk": 509,
  "fields": {
    "empresa": 3,
    "fazenda": 6,
    "parent": 502,
    "nome": "Parcela 29.07",
    "descricao": null,
    "tipo_solo": null,
    "coordenadas_json": null,
    "area_hectares": "10.0000",
    "cultura_atual": "Milho",
    "ativo": true,
    "data_cadastro": "2025-12-27T03:16:18.256Z",
    "data_atualizacao": "2025-12-27T03:16:18.256Z"
  }
},
{
  "model": "core.talhao",
  "pk": 510,
  "fields": {
    "empresa": 3,
    "fazenda": 6,
    "parent": 502,
    "nome": "Parcela 29.08",
    "descricao": null,
    "tipo_solo": null,
    "coordenadas_json": null,
    "area_hectares": "10.0000",
    "cultura_atual": "Milho",
    "ativo": true,
    "data_cadastro": "2025-12-27T03:16:18.257Z",
    "data_atualizacao": "2025-12-27T03:16:18.257Z"
  }
},
{
  "model": "core.talhao",
  "pk": 511,
  "fields": {
    "empresa": 3,
    "fazenda": 6,
    "parent": 502,
    "nome": "Parcela 29.09",
    "descricao": null,
    "tipo_solo": null,
    "coordenadas_json": null,
    "area_hectares": "10.0000",
    "cultura_atual": "Milho",
    "ativo": true,
    "data_cadastro": "2025-12-27T03:16:18.259Z",
    "data_atualizacao": "2025-12-27T03:16:18.259Z"
  }
},
{
  "model": "core.talhao",
  "pk": 512,
  "fields": {
    "empresa": 3,
    "fazenda": 6,
    "parent": 502,
    "nome": "Parcela 29.10",
    "descricao": null,
    "tipo_solo": null,
    "coordenadas_json": null,
    "area_hectares": "10.0000",
    "cultura_atual": "Milho",
    "ativo": true,
    "data_cadastro": "2025-12-27T03:16:18.261Z",
    "data_atualizacao": "2025-12-27T03:16:18.261Z"
  }
},
{
  "model": "core.talhao",
  "pk": 513,
  "fields": {
    "empresa": 3,
    "fazenda": 6,
    "parent": 502,
    "nome": "Parcela 29.11",
    "descricao": null,
    "tipo_solo": null,
    "coordenadas_json": null,
    "area_hectares": "10.0000",
    "cultura_atual": "Milho",
    "ativo": true,
    "data_cadastro": "2025-12-27T03:16:18.262Z",
    "data_atualizacao": "2025-12-27T03:16:18.262Z"
  }
},
{
  "model": "core.talhao",
  "pk": 514,
  "fields": {
    "empresa": 3,
    "fazenda": 6,
    "parent": 502,
    "nome": "Parcela 29.12",
    "descricao": null,
    "tipo_solo": null,
    "coordenadas_json": null,
    "area_hectares": "10.0000",
    "cultura_atual": "Milho",
    "ativo": true,
    "data_cadastro": "2025-12-27T03:16:18.264Z",
    "data_atualizacao": "2025-12-27T03:16:18.264Z"
  }
},
{
  "model": "core.talhao",
  "pk": 515,
  "fields": {
    "empresa": 3,
    "fazenda": 6,
    "parent": null,
    "nome": "M¾dulo B-30",
    "descricao": null,
    "tipo_solo": null,
    "coordenadas_json": null,
    "area_hectares": "120.0000",
    "cultura_atual": "Milho",
    "ativo": true,
    "data_cadastro": "2025-12-27T03:16:18.267Z",
    "data_atualizacao": "2025-12-27T03:16:18.267Z"
  }
},
{
  "model": "core.talhao",
  "pk": 516,
  "fields": {
    "empresa": 3,
    "fazenda": 6,
    "parent": 515,
    "nome": "Parcela 30.01",
    "descricao": null,
    "tipo_solo": null,
    "coordenadas_json": null,
    "area_hectares": "10.0000",
    "cultura_atual": "Milho",
    "ativo": true,
    "data_cadastro": "2025-12-27T03:16:18.270Z",
    "data_atualizacao": "2025-12-27T03:16:18.270Z"
  }
},
{
  "model": "core.talhao",
  "pk": 517,
  "fields": {
    "empresa": 3,
    "fazenda": 6,
    "parent": 515,
    "nome": "Parcela 30.02",
    "descricao": null,
    "tipo_solo": null,
    "coordenadas_json": null,
    "area_hectares": "10.0000",
    "cultura_atual": "Milho",
    "ativo": true,
    "data_cadastro": "2025-12-27T03:16:18.271Z",
    "data_atualizacao": "2025-12-27T03:16:18.271Z"
  }
},
{
  "model": "core.talhao",
  "pk": 518,
  "fields": {
    "empresa": 3,
    "fazenda": 6,
    "parent": 515,
    "nome": "Parcela 30.03",
    "descricao": null,
    "tipo_solo": null,
    "coordenadas_json": null,
    "area_hectares": "10.0000",
    "cultura_atual": "Milho",
    "ativo": true,
    "data_cadastro": "2025-12-27T03:16:18.276Z",
    "data_atualizacao": "2025-12-27T03:16:18.276Z"
  }
},
{
  "model": "core.talhao",
  "pk": 519,
  "fields": {
    "empresa": 3,
    "fazenda": 6,
    "parent": 515,
    "nome": "Parcela 30.04",
    "descricao": null,
    "tipo_solo": null,
    "coordenadas_json": null,
    "area_hectares": "10.0000",
    "cultura_atual": "Milho",
    "ativo": true,
    "data_cadastro": "2025-12-27T03:16:18.278Z",
    "data_atualizacao": "2025-12-27T03:16:18.278Z"
  }
},
{
  "model": "core.talhao",
  "pk": 520,
  "fields": {
    "empresa": 3,
    "fazenda": 6,
    "parent": 515,
    "nome": "Parcela 30.05",
    "descricao": null,
    "tipo_solo": null,
    "coordenadas_json": null,
    "area_hectares": "10.0000",
    "cultura_atual": "Milho",
    "ativo": true,
    "data_cadastro": "2025-12-27T03:16:18.280Z",
    "data_atualizacao": "2025-12-27T03:16:18.280Z"
  }
},
{
  "model": "core.talhao",
  "pk": 521,
  "fields": {
    "empresa": 3,
    "fazenda": 6,
    "parent": 515,
    "nome": "Parcela 30.06",
    "descricao": null,
    "tipo_solo": null,
    "coordenadas_json": null,
    "area_hectares": "10.0000",
    "cultura_atual": "Milho",
    "ativo": true,
    "data_cadastro": "2025-12-27T03:16:18.282Z",
    "data_atualizacao": "2025-12-27T03:16:18.282Z"
  }
},
{
  "model": "core.talhao",
  "pk": 522,
  "fields": {
    "empresa": 3,
    "fazenda": 6,
    "parent": 515,
    "nome": "Parcela 30.07",
    "descricao": null,
    "tipo_solo": null,
    "coordenadas_json": null,
    "area_hectares": "10.0000",
    "cultura_atual": "Milho",
    "ativo": true,
    "data_cadastro": "2025-12-27T03:16:18.283Z",
    "data_atualizacao": "2025-12-27T03:16:18.283Z"
  }
},
{
  "model": "core.talhao",
  "pk": 523,
  "fields": {
    "empresa": 3,
    "fazenda": 6,
    "parent": 515,
    "nome": "Parcela 30.08",
    "descricao": null,
    "tipo_solo": null,
    "coordenadas_json": null,
    "area_hectares": "10.0000",
    "cultura_atual": "Milho",
    "ativo": true,
    "data_cadastro": "2025-12-27T03:16:18.283Z",
    "data_atualizacao": "2025-12-27T03:16:18.283Z"
  }
},
{
  "model": "core.talhao",
  "pk": 524,
  "fields": {
    "empresa": 3,
    "fazenda": 6,
    "parent": 515,
    "nome": "Parcela 30.09",
    "descricao": null,
    "tipo_solo": null,
    "coordenadas_json": null,
    "area_hectares": "10.0000",
    "cultura_atual": "Milho",
    "ativo": true,
    "data_cadastro": "2025-12-27T03:16:18.285Z",
    "data_atualizacao": "2025-12-27T03:16:18.285Z"
  }
},
{
  "model": "core.talhao",
  "pk": 525,
  "fields": {
    "empresa": 3,
    "fazenda": 6,
    "parent": 515,
    "nome": "Parcela 30.10",
    "descricao": null,
    "tipo_solo": null,
    "coordenadas_json": null,
    "area_hectares": "10.0000",
    "cultura_atual": "Milho",
    "ativo": true,
    "data_cadastro": "2025-12-27T03:16:18.286Z",
    "data_atualizacao": "2025-12-27T03:16:18.286Z"
  }
},
{
  "model": "core.talhao",
  "pk": 526,
  "fields": {
    "empresa": 3,
    "fazenda": 6,
    "parent": 515,
    "nome": "Parcela 30.11",
    "descricao": null,
    "tipo_solo": null,
    "coordenadas_json": null,
    "area_hectares": "10.0000",
    "cultura_atual": "Milho",
    "ativo": true,
    "data_cadastro": "2025-12-27T03:16:18.288Z",
    "data_atualizacao": "2025-12-27T03:16:18.288Z"
  }
},
{
  "model": "core.talhao",
  "pk": 527,
  "fields": {
    "empresa": 3,
    "fazenda": 6,
    "parent": 515,
    "nome": "Parcela 30.12",
    "descricao": null,
    "tipo_solo": null,
    "coordenadas_json": null,
    "area_hectares": "10.0000",
    "cultura_atual": "Milho",
    "ativo": true,
    "data_cadastro": "2025-12-27T03:16:18.290Z",
    "data_atualizacao": "2025-12-27T03:16:18.290Z"
  }
},
{
  "model": "core.talhao",
  "pk": 528,
  "fields": {
    "empresa": 3,
    "fazenda": 7,
    "parent": null,
    "nome": "TALH├O 1",
    "descricao": "",
    "tipo_solo": null,
    "coordenadas_json": "[{\"lat\":-23.152513527986134,\"lng\":-54.28211915540565},{\"lat\":-23.148015125604328,\"lng\":-54.27945873827704},{\"lat\":-23.151408671215997,\"lng\":-54.27302224522399},{\"lat\":-23.1559661466711,\"lng\":-54.2757899372368}]",
    "area_hectares": "43.5157",
    "cultura_atual": "MILHO",
    "ativo": true,
    "data_cadastro": "2025-12-27T04:26:57.343Z",
    "data_atualizacao": "2025-12-27T04:26:57.343Z"
  }
},
{
  "model": "core.produto",
  "pk": 1,
  "fields": {
    "empresa": 1,
    "nome": "MILHO GR├O SEMENTE S1",
    "codigo": "10001",
    "categoria": "SEMENTE",
    "unidade": "KG",
    "estoque_atual": "5000.000",
    "estoque_minimo": "10.000",
    "ativo": true,
    "data_cadastro": "2025-12-20T02:00:55.293Z"
  }
},
{
  "model": "core.produto",
  "pk": 2,
  "fields": {
    "empresa": 1,
    "nome": "JG.PASTILHAS",
    "codigo": "MB6A/   2K021/AA/",
    "categoria": "OUTROS",
    "unidade": "PC",
    "estoque_atual": "1.000",
    "estoque_minimo": "0.000",
    "ativo": true,
    "data_cadastro": "2025-12-20T02:11:54.839Z"
  }
},
{
  "model": "core.produto",
  "pk": 3,
  "fields": {
    "empresa": 1,
    "nome": "JG.DISCOS FRE",
    "codigo": "MB8A/    1125/AA/",
    "categoria": "OUTROS",
    "unidade": "PC",
    "estoque_atual": "-249.000",
    "estoque_minimo": "0.000",
    "ativo": true,
    "data_cadastro": "2025-12-20T02:11:54.851Z"
  }
},
{
  "model": "core.produto",
  "pk": 20,
  "fields": {
    "empresa": 3,
    "nome": "Semente Soja M-7739",
    "codigo": null,
    "categoria": "SEMENTE",
    "unidade": "SC",
    "estoque_atual": "10000.000",
    "estoque_minimo": "500.000",
    "ativo": true,
    "data_cadastro": "2025-12-27T03:16:17.366Z"
  }
},
{
  "model": "core.produto",
  "pk": 21,
  "fields": {
    "empresa": 3,
    "nome": "Adubo NPK 04-14-08",
    "codigo": null,
    "categoria": "FERTILIZANTE",
    "unidade": "KG",
    "estoque_atual": "10000.000",
    "estoque_minimo": "500.000",
    "ativo": true,
    "data_cadastro": "2025-12-27T03:16:17.370Z"
  }
},
{
  "model": "core.produto",
  "pk": 22,
  "fields": {
    "empresa": 3,
    "nome": "Glifosato Roundup",
    "codigo": null,
    "categoria": "HERBICIDA",
    "unidade": "L",
    "estoque_atual": "9620.000",
    "estoque_minimo": "500.000",
    "ativo": true,
    "data_cadastro": "2025-12-27T03:16:17.373Z"
  }
},
{
  "model": "core.produto",
  "pk": 23,
  "fields": {
    "empresa": 3,
    "nome": "Inseticida Engeo Pleno",
    "codigo": null,
    "categoria": "INSETICIDA",
    "unidade": "L",
    "estoque_atual": "10000.000",
    "estoque_minimo": "500.000",
    "ativo": true,
    "data_cadastro": "2025-12-27T03:16:17.379Z"
  }
},
{
  "model": "core.produto",
  "pk": 24,
  "fields": {
    "empresa": 3,
    "nome": "Fertilizante Foliar K",
    "codigo": null,
    "categoria": "FERTILIZANTE",
    "unidade": "L",
    "estoque_atual": "10000.000",
    "estoque_minimo": "500.000",
    "ativo": true,
    "data_cadastro": "2025-12-27T03:16:17.383Z"
  }
},
{
  "model": "core.produto",
  "pk": 25,
  "fields": {
    "empresa": 3,
    "nome": "MILHO GRANEL",
    "codigo": "100000",
    "categoria": "GRAO",
    "unidade": "KG",
    "estoque_atual": "0.000",
    "estoque_minimo": "0.000",
    "ativo": true,
    "data_cadastro": "2025-12-27T14:00:32.060Z"
  }
},
{
  "model": "core.pedidocompra",
  "pk": 2,
  "fields": {
    "empresa": 3,
    "fornecedor": 1,
    "data_pedido": "2025-12-27",
    "data_prevista": "2026-01-02",
    "arquivo": "",
    "status": "ABERTO",
    "observacoes": "",
    "created_at": "2025-12-27T04:09:31.127Z",
    "updated_at": "2025-12-27T04:09:31.127Z"
  }
},
{
  "model": "core.itempedidocompra",
  "pk": 2,
  "fields": {
    "empresa": 3,
    "pedido": 2,
    "produto": 21,
    "quantidade": "20.000",
    "valor_unitario": "130.0000",
    "status": "ABERTO"
  }
},
{
  "model": "core.movimentacaoestoque",
  "pk": 1,
  "fields": {
    "empresa": 1,
    "produto": 2,
    "tipo": "ENTRADA",
    "quantidade": "1.000",
    "valor_unitario": "200.0000",
    "data_movimentacao": "2025-12-20T02:11:54.840Z",
    "chave_nfe": "41231032114889000124550010000478971227996588",
    "numero_nfe": "47897",
    "arquivo_nfe": "",
    "fornecedor": null,
    "observacao": "Importado via NFe 47897",
    "operacao_campo": null,
    "item_pedido": null,
    "data_cadastro": "2025-12-20T02:11:54.841Z"
  }
},
{
  "model": "core.movimentacaoestoque",
  "pk": 2,
  "fields": {
    "empresa": 1,
    "produto": 3,
    "tipo": "ENTRADA",
    "quantidade": "1.000",
    "valor_unitario": "560.4000",
    "data_movimentacao": "2025-12-20T02:11:54.852Z",
    "chave_nfe": "41231032114889000124550010000478971227996588",
    "numero_nfe": "47897",
    "arquivo_nfe": "",
    "fornecedor": null,
    "observacao": "Importado via NFe 47897",
    "operacao_campo": null,
    "item_pedido": null,
    "data_cadastro": "2025-12-20T02:11:54.852Z"
  }
},
{
  "model": "core.movimentacaoestoque",
  "pk": 3,
  "fields": {
    "empresa": 1,
    "produto": 3,
    "tipo": "SAIDA",
    "quantidade": "250.000",
    "valor_unitario": "560.4000",
    "data_movimentacao": "2025-12-20T02:59:08.722Z",
    "chave_nfe": null,
    "numero_nfe": null,
    "arquivo_nfe": "",
    "fornecedor": null,
    "observacao": "SaÝda automßtica - OperaþÒo de PREPARO_SOLO no talhÒo TalhÒo 1",
    "operacao_campo": null,
    "item_pedido": null,
    "data_cadastro": "2025-12-20T02:59:08.722Z"
  }
},
{
  "model": "core.movimentacaoestoque",
  "pk": 4,
  "fields": {
    "empresa": 1,
    "produto": 1,
    "tipo": "SAIDA",
    "quantidade": "5000.000",
    "valor_unitario": "0.0000",
    "data_movimentacao": "2025-12-22T02:58:07.812Z",
    "chave_nfe": null,
    "numero_nfe": null,
    "arquivo_nfe": "",
    "fornecedor": null,
    "observacao": "SaÝda automßtica - OperaþÒo de PLANTIO no talhÒo TalhÒo 1",
    "operacao_campo": null,
    "item_pedido": null,
    "data_cadastro": "2025-12-22T02:58:07.812Z"
  }
},
{
  "model": "core.movimentacaoestoque",
  "pk": 5,
  "fields": {
    "empresa": 1,
    "produto": 1,
    "tipo": "ENTRADA",
    "quantidade": "10000.000",
    "valor_unitario": "0.5800",
    "data_movimentacao": "2025-12-22T02:58:00Z",
    "chave_nfe": null,
    "numero_nfe": null,
    "arquivo_nfe": "",
    "fornecedor": null,
    "observacao": "",
    "operacao_campo": null,
    "item_pedido": null,
    "data_cadastro": "2025-12-22T02:59:12.030Z"
  }
},
{
  "model": "core.movimentacaoestoque",
  "pk": 42,
  "fields": {
    "empresa": 3,
    "produto": 20,
    "tipo": "ENTRADA",
    "quantidade": "10000.000",
    "valor_unitario": "163.5300",
    "data_movimentacao": "2025-12-27T03:16:18.292Z",
    "chave_nfe": null,
    "numero_nfe": "77838",
    "arquivo_nfe": "",
    "fornecedor": 1,
    "observacao": null,
    "operacao_campo": null,
    "item_pedido": null,
    "data_cadastro": "2025-12-27T03:16:18.293Z"
  }
},
{
  "model": "core.movimentacaoestoque",
  "pk": 43,
  "fields": {
    "empresa": 3,
    "produto": 21,
    "tipo": "ENTRADA",
    "quantidade": "10000.000",
    "valor_unitario": "51.0200",
    "data_movimentacao": "2025-12-27T03:16:18.301Z",
    "chave_nfe": null,
    "numero_nfe": "58078",
    "arquivo_nfe": "",
    "fornecedor": 1,
    "observacao": null,
    "operacao_campo": null,
    "item_pedido": null,
    "data_cadastro": "2025-12-27T03:16:18.301Z"
  }
},
{
  "model": "core.movimentacaoestoque",
  "pk": 44,
  "fields": {
    "empresa": 3,
    "produto": 22,
    "tipo": "ENTRADA",
    "quantidade": "10000.000",
    "valor_unitario": "187.5800",
    "data_movimentacao": "2025-12-27T03:16:18.307Z",
    "chave_nfe": null,
    "numero_nfe": "80719",
    "arquivo_nfe": "",
    "fornecedor": 1,
    "observacao": null,
    "operacao_campo": null,
    "item_pedido": null,
    "data_cadastro": "2025-12-27T03:16:18.308Z"
  }
},
{
  "model": "core.movimentacaoestoque",
  "pk": 45,
  "fields": {
    "empresa": 3,
    "produto": 23,
    "tipo": "ENTRADA",
    "quantidade": "10000.000",
    "valor_unitario": "176.5100",
    "data_movimentacao": "2025-12-27T03:16:18.311Z",
    "chave_nfe": null,
    "numero_nfe": "92534",
    "arquivo_nfe": "",
    "fornecedor": 1,
    "observacao": null,
    "operacao_campo": null,
    "item_pedido": null,
    "data_cadastro": "2025-12-27T03:16:18.312Z"
  }
},
{
  "model": "core.movimentacaoestoque",
  "pk": 46,
  "fields": {
    "empresa": 3,
    "produto": 24,
    "tipo": "ENTRADA",
    "quantidade": "10000.000",
    "valor_unitario": "59.1900",
    "data_movimentacao": "2025-12-27T03:16:18.316Z",
    "chave_nfe": null,
    "numero_nfe": "95662",
    "arquivo_nfe": "",
    "fornecedor": 1,
    "observacao": null,
    "operacao_campo": null,
    "item_pedido": null,
    "data_cadastro": "2025-12-27T03:16:18.316Z"
  }
},
{
  "model": "core.movimentacaoestoque",
  "pk": 48,
  "fields": {
    "empresa": 3,
    "produto": 22,
    "tipo": "SAIDA",
    "quantidade": "20.000",
    "valor_unitario": "187.5800",
    "data_movimentacao": "2025-12-27T03:16:18.395Z",
    "chave_nfe": null,
    "numero_nfe": null,
    "arquivo_nfe": "",
    "fornecedor": null,
    "observacao": "SaÝda gerada pela operaþÒo 8 em Parcela 1.02",
    "operacao_campo": 8,
    "item_pedido": null,
    "data_cadastro": "2025-12-27T03:16:18.395Z"
  }
},
{
  "model": "core.movimentacaoestoque",
  "pk": 49,
  "fields": {
    "empresa": 3,
    "produto": 22,
    "tipo": "SAIDA",
    "quantidade": "20.000",
    "valor_unitario": "187.5800",
    "data_movimentacao": "2025-12-27T03:16:18.401Z",
    "chave_nfe": null,
    "numero_nfe": null,
    "arquivo_nfe": "",
    "fornecedor": null,
    "observacao": "SaÝda gerada pela operaþÒo 9 em Parcela 1.03",
    "operacao_campo": 9,
    "item_pedido": null,
    "data_cadastro": "2025-12-27T03:16:18.402Z"
  }
},
{
  "model": "core.movimentacaoestoque",
  "pk": 50,
  "fields": {
    "empresa": 3,
    "produto": 22,
    "tipo": "SAIDA",
    "quantidade": "20.000",
    "valor_unitario": "187.5800",
    "data_movimentacao": "2025-12-27T03:16:18.408Z",
    "chave_nfe": null,
    "numero_nfe": null,
    "arquivo_nfe": "",
    "fornecedor": null,
    "observacao": "SaÝda gerada pela operaþÒo 10 em Parcela 1.04",
    "operacao_campo": 10,
    "item_pedido": null,
    "data_cadastro": "2025-12-27T03:16:18.408Z"
  }
},
{
  "model": "core.movimentacaoestoque",
  "pk": 51,
  "fields": {
    "empresa": 3,
    "produto": 22,
    "tipo": "SAIDA",
    "quantidade": "20.000",
    "valor_unitario": "187.5800",
    "data_movimentacao": "2025-12-27T03:16:18.417Z",
    "chave_nfe": null,
    "numero_nfe": null,
    "arquivo_nfe": "",
    "fornecedor": null,
    "observacao": "SaÝda gerada pela operaþÒo 11 em Parcela 1.05",
    "operacao_campo": 11,
    "item_pedido": null,
    "data_cadastro": "2025-12-27T03:16:18.417Z"
  }
},
{
  "model": "core.movimentacaoestoque",
  "pk": 52,
  "fields": {
    "empresa": 3,
    "produto": 22,
    "tipo": "SAIDA",
    "quantidade": "20.000",
    "valor_unitario": "187.5800",
    "data_movimentacao": "2025-12-27T03:16:18.425Z",
    "chave_nfe": null,
    "numero_nfe": null,
    "arquivo_nfe": "",
    "fornecedor": null,
    "observacao": "SaÝda gerada pela operaþÒo 12 em Parcela 1.06",
    "operacao_campo": 12,
    "item_pedido": null,
    "data_cadastro": "2025-12-27T03:16:18.425Z"
  }
},
{
  "model": "core.movimentacaoestoque",
  "pk": 53,
  "fields": {
    "empresa": 3,
    "produto": 22,
    "tipo": "SAIDA",
    "quantidade": "20.000",
    "valor_unitario": "187.5800",
    "data_movimentacao": "2025-12-27T03:16:18.433Z",
    "chave_nfe": null,
    "numero_nfe": null,
    "arquivo_nfe": "",
    "fornecedor": null,
    "observacao": "SaÝda gerada pela operaþÒo 13 em Parcela 1.07",
    "operacao_campo": 13,
    "item_pedido": null,
    "data_cadastro": "2025-12-27T03:16:18.434Z"
  }
},
{
  "model": "core.movimentacaoestoque",
  "pk": 54,
  "fields": {
    "empresa": 3,
    "produto": 22,
    "tipo": "SAIDA",
    "quantidade": "20.000",
    "valor_unitario": "187.5800",
    "data_movimentacao": "2025-12-27T03:16:18.440Z",
    "chave_nfe": null,
    "numero_nfe": null,
    "arquivo_nfe": "",
    "fornecedor": null,
    "observacao": "SaÝda gerada pela operaþÒo 14 em Parcela 1.08",
    "operacao_campo": 14,
    "item_pedido": null,
    "data_cadastro": "2025-12-27T03:16:18.440Z"
  }
},
{
  "model": "core.movimentacaoestoque",
  "pk": 55,
  "fields": {
    "empresa": 3,
    "produto": 22,
    "tipo": "SAIDA",
    "quantidade": "20.000",
    "valor_unitario": "187.5800",
    "data_movimentacao": "2025-12-27T03:16:18.446Z",
    "chave_nfe": null,
    "numero_nfe": null,
    "arquivo_nfe": "",
    "fornecedor": null,
    "observacao": "SaÝda gerada pela operaþÒo 15 em Parcela 1.09",
    "operacao_campo": 15,
    "item_pedido": null,
    "data_cadastro": "2025-12-27T03:16:18.446Z"
  }
},
{
  "model": "core.movimentacaoestoque",
  "pk": 56,
  "fields": {
    "empresa": 3,
    "produto": 22,
    "tipo": "SAIDA",
    "quantidade": "20.000",
    "valor_unitario": "187.5800",
    "data_movimentacao": "2025-12-27T03:16:18.453Z",
    "chave_nfe": null,
    "numero_nfe": null,
    "arquivo_nfe": "",
    "fornecedor": null,
    "observacao": "SaÝda gerada pela operaþÒo 16 em Parcela 1.10",
    "operacao_campo": 16,
    "item_pedido": null,
    "data_cadastro": "2025-12-27T03:16:18.453Z"
  }
},
{
  "model": "core.movimentacaoestoque",
  "pk": 57,
  "fields": {
    "empresa": 3,
    "produto": 22,
    "tipo": "SAIDA",
    "quantidade": "20.000",
    "valor_unitario": "187.5800",
    "data_movimentacao": "2025-12-27T03:16:18.460Z",
    "chave_nfe": null,
    "numero_nfe": null,
    "arquivo_nfe": "",
    "fornecedor": null,
    "observacao": "SaÝda gerada pela operaþÒo 17 em Parcela 1.11",
    "operacao_campo": 17,
    "item_pedido": null,
    "data_cadastro": "2025-12-27T03:16:18.460Z"
  }
},
{
  "model": "core.movimentacaoestoque",
  "pk": 58,
  "fields": {
    "empresa": 3,
    "produto": 22,
    "tipo": "SAIDA",
    "quantidade": "20.000",
    "valor_unitario": "187.5800",
    "data_movimentacao": "2025-12-27T03:16:18.469Z",
    "chave_nfe": null,
    "numero_nfe": null,
    "arquivo_nfe": "",
    "fornecedor": null,
    "observacao": "SaÝda gerada pela operaþÒo 18 em Parcela 1.12",
    "operacao_campo": 18,
    "item_pedido": null,
    "data_cadastro": "2025-12-27T03:16:18.469Z"
  }
},
{
  "model": "core.movimentacaoestoque",
  "pk": 59,
  "fields": {
    "empresa": 3,
    "produto": 22,
    "tipo": "SAIDA",
    "quantidade": "20.000",
    "valor_unitario": "187.5800",
    "data_movimentacao": "2025-12-27T03:16:18.475Z",
    "chave_nfe": null,
    "numero_nfe": null,
    "arquivo_nfe": "",
    "fornecedor": null,
    "observacao": "SaÝda gerada pela operaþÒo 19 em Parcela 10.01",
    "operacao_campo": 19,
    "item_pedido": null,
    "data_cadastro": "2025-12-27T03:16:18.477Z"
  }
},
{
  "model": "core.movimentacaoestoque",
  "pk": 60,
  "fields": {
    "empresa": 3,
    "produto": 22,
    "tipo": "SAIDA",
    "quantidade": "20.000",
    "valor_unitario": "187.5800",
    "data_movimentacao": "2025-12-27T03:16:18.487Z",
    "chave_nfe": null,
    "numero_nfe": null,
    "arquivo_nfe": "",
    "fornecedor": null,
    "observacao": "SaÝda gerada pela operaþÒo 20 em Parcela 10.02",
    "operacao_campo": 20,
    "item_pedido": null,
    "data_cadastro": "2025-12-27T03:16:18.487Z"
  }
},
{
  "model": "core.movimentacaoestoque",
  "pk": 61,
  "fields": {
    "empresa": 3,
    "produto": 22,
    "tipo": "SAIDA",
    "quantidade": "20.000",
    "valor_unitario": "187.5800",
    "data_movimentacao": "2025-12-27T03:16:18.497Z",
    "chave_nfe": null,
    "numero_nfe": null,
    "arquivo_nfe": "",
    "fornecedor": null,
    "observacao": "SaÝda gerada pela operaþÒo 21 em Parcela 10.03",
    "operacao_campo": 21,
    "item_pedido": null,
    "data_cadastro": "2025-12-27T03:16:18.497Z"
  }
},
{
  "model": "core.movimentacaoestoque",
  "pk": 62,
  "fields": {
    "empresa": 3,
    "produto": 22,
    "tipo": "SAIDA",
    "quantidade": "20.000",
    "valor_unitario": "187.5800",
    "data_movimentacao": "2025-12-27T03:16:18.510Z",
    "chave_nfe": null,
    "numero_nfe": null,
    "arquivo_nfe": "",
    "fornecedor": null,
    "observacao": "SaÝda gerada pela operaþÒo 22 em Parcela 10.04",
    "operacao_campo": 22,
    "item_pedido": null,
    "data_cadastro": "2025-12-27T03:16:18.510Z"
  }
},
{
  "model": "core.movimentacaoestoque",
  "pk": 63,
  "fields": {
    "empresa": 3,
    "produto": 22,
    "tipo": "SAIDA",
    "quantidade": "20.000",
    "valor_unitario": "187.5800",
    "data_movimentacao": "2025-12-27T03:16:18.518Z",
    "chave_nfe": null,
    "numero_nfe": null,
    "arquivo_nfe": "",
    "fornecedor": null,
    "observacao": "SaÝda gerada pela operaþÒo 23 em Parcela 10.05",
    "operacao_campo": 23,
    "item_pedido": null,
    "data_cadastro": "2025-12-27T03:16:18.518Z"
  }
},
{
  "model": "core.movimentacaoestoque",
  "pk": 64,
  "fields": {
    "empresa": 3,
    "produto": 22,
    "tipo": "SAIDA",
    "quantidade": "20.000",
    "valor_unitario": "187.5800",
    "data_movimentacao": "2025-12-27T03:16:18.524Z",
    "chave_nfe": null,
    "numero_nfe": null,
    "arquivo_nfe": "",
    "fornecedor": null,
    "observacao": "SaÝda gerada pela operaþÒo 24 em Parcela 10.06",
    "operacao_campo": 24,
    "item_pedido": null,
    "data_cadastro": "2025-12-27T03:16:18.525Z"
  }
},
{
  "model": "core.movimentacaoestoque",
  "pk": 65,
  "fields": {
    "empresa": 3,
    "produto": 22,
    "tipo": "SAIDA",
    "quantidade": "20.000",
    "valor_unitario": "187.5800",
    "data_movimentacao": "2025-12-27T03:16:18.531Z",
    "chave_nfe": null,
    "numero_nfe": null,
    "arquivo_nfe": "",
    "fornecedor": null,
    "observacao": "SaÝda gerada pela operaþÒo 25 em Parcela 10.07",
    "operacao_campo": 25,
    "item_pedido": null,
    "data_cadastro": "2025-12-27T03:16:18.531Z"
  }
},
{
  "model": "core.movimentacaoestoque",
  "pk": 66,
  "fields": {
    "empresa": 3,
    "produto": 22,
    "tipo": "SAIDA",
    "quantidade": "20.000",
    "valor_unitario": "187.5800",
    "data_movimentacao": "2025-12-27T03:16:18.537Z",
    "chave_nfe": null,
    "numero_nfe": null,
    "arquivo_nfe": "",
    "fornecedor": null,
    "observacao": "SaÝda gerada pela operaþÒo 26 em Parcela 10.08",
    "operacao_campo": 26,
    "item_pedido": null,
    "data_cadastro": "2025-12-27T03:16:18.538Z"
  }
},
{
  "model": "core.plantio",
  "pk": 2,
  "fields": {
    "empresa": 1,
    "safra": null,
    "talhao": 1,
    "cultura": "SOJA",
    "data_plantio": "2025-12-22",
    "data_colheita_prevista": null,
    "data_fim": "2025-12-27",
    "status": "EM_ANDAMENTO",
    "producao_estimada_saca": "0.00",
    "producao_real_saca": "0.00",
    "preco_venda_saca": "0.00",
    "observacoes": "",
    "data_cadastro": "2025-12-22T02:57:07.158Z"
  }
},
{
  "model": "core.plantio",
  "pk": 3,
  "fields": {
    "empresa": 1,
    "safra": null,
    "talhao": 1,
    "cultura": "Soja",
    "data_plantio": "2024-01-01",
    "data_colheita_prevista": null,
    "data_fim": null,
    "status": "EM_ANDAMENTO",
    "producao_estimada_saca": "100.00",
    "producao_real_saca": "0.00",
    "preco_venda_saca": "50.00",
    "observacoes": "",
    "data_cadastro": "2025-12-23T00:29:48.257Z"
  }
},
{
  "model": "core.plantio",
  "pk": 7,
  "fields": {
    "empresa": 3,
    "safra": 1,
    "talhao": 140,
    "cultura": "Milho",
    "data_plantio": "2024-10-15",
    "data_colheita_prevista": null,
    "data_fim": null,
    "status": "EM_ANDAMENTO",
    "producao_estimada_saca": "600.00",
    "producao_real_saca": "0.00",
    "preco_venda_saca": "135.00",
    "observacoes": null,
    "data_cadastro": "2025-12-27T03:16:18.330Z"
  }
},
{
  "model": "core.plantio",
  "pk": 8,
  "fields": {
    "empresa": 3,
    "safra": 1,
    "talhao": 141,
    "cultura": "Milho",
    "data_plantio": "2024-10-15",
    "data_colheita_prevista": null,
    "data_fim": null,
    "status": "EM_ANDAMENTO",
    "producao_estimada_saca": "600.00",
    "producao_real_saca": "0.00",
    "preco_venda_saca": "135.00",
    "observacoes": null,
    "data_cadastro": "2025-12-27T03:16:18.331Z"
  }
},
{
  "model": "core.plantio",
  "pk": 9,
  "fields": {
    "empresa": 3,
    "safra": 1,
    "talhao": 142,
    "cultura": "Milho",
    "data_plantio": "2024-10-15",
    "data_colheita_prevista": null,
    "data_fim": null,
    "status": "EM_ANDAMENTO",
    "producao_estimada_saca": "600.00",
    "producao_real_saca": "0.00",
    "preco_venda_saca": "135.00",
    "observacoes": null,
    "data_cadastro": "2025-12-27T03:16:18.334Z"
  }
},
{
  "model": "core.plantio",
  "pk": 10,
  "fields": {
    "empresa": 3,
    "safra": 1,
    "talhao": 143,
    "cultura": "Milho",
    "data_plantio": "2024-10-15",
    "data_colheita_prevista": null,
    "data_fim": null,
    "status": "EM_ANDAMENTO",
    "producao_estimada_saca": "600.00",
    "producao_real_saca": "0.00",
    "preco_venda_saca": "135.00",
    "observacoes": null,
    "data_cadastro": "2025-12-27T03:16:18.335Z"
  }
},
{
  "model": "core.plantio",
  "pk": 11,
  "fields": {
    "empresa": 3,
    "safra": 1,
    "talhao": 144,
    "cultura": "Milho",
    "data_plantio": "2024-10-15",
    "data_colheita_prevista": null,
    "data_fim": null,
    "status": "EM_ANDAMENTO",
    "producao_estimada_saca": "600.00",
    "producao_real_saca": "0.00",
    "preco_venda_saca": "135.00",
    "observacoes": null,
    "data_cadastro": "2025-12-27T03:16:18.336Z"
  }
},
{
  "model": "core.plantio",
  "pk": 12,
  "fields": {
    "empresa": 3,
    "safra": 1,
    "talhao": 145,
    "cultura": "Milho",
    "data_plantio": "2024-10-15",
    "data_colheita_prevista": null,
    "data_fim": null,
    "status": "EM_ANDAMENTO",
    "producao_estimada_saca": "600.00",
    "producao_real_saca": "0.00",
    "preco_venda_saca": "135.00",
    "observacoes": null,
    "data_cadastro": "2025-12-27T03:16:18.339Z"
  }
},
{
  "model": "core.plantio",
  "pk": 13,
  "fields": {
    "empresa": 3,
    "safra": 1,
    "talhao": 146,
    "cultura": "Milho",
    "data_plantio": "2024-10-15",
    "data_colheita_prevista": null,
    "data_fim": null,
    "status": "EM_ANDAMENTO",
    "producao_estimada_saca": "600.00",
    "producao_real_saca": "0.00",
    "preco_venda_saca": "135.00",
    "observacoes": null,
    "data_cadastro": "2025-12-27T03:16:18.341Z"
  }
},
{
  "model": "core.plantio",
  "pk": 14,
  "fields": {
    "empresa": 3,
    "safra": 1,
    "talhao": 147,
    "cultura": "Milho",
    "data_plantio": "2024-10-15",
    "data_colheita_prevista": null,
    "data_fim": null,
    "status": "EM_ANDAMENTO",
    "producao_estimada_saca": "600.00",
    "producao_real_saca": "0.00",
    "preco_venda_saca": "135.00",
    "observacoes": null,
    "data_cadastro": "2025-12-27T03:16:18.344Z"
  }
},
{
  "model": "core.plantio",
  "pk": 15,
  "fields": {
    "empresa": 3,
    "safra": 1,
    "talhao": 148,
    "cultura": "Milho",
    "data_plantio": "2024-10-15",
    "data_colheita_prevista": null,
    "data_fim": null,
    "status": "EM_ANDAMENTO",
    "producao_estimada_saca": "600.00",
    "producao_real_saca": "0.00",
    "preco_venda_saca": "135.00",
    "observacoes": null,
    "data_cadastro": "2025-12-27T03:16:18.347Z"
  }
},
{
  "model": "core.plantio",
  "pk": 16,
  "fields": {
    "empresa": 3,
    "safra": 1,
    "talhao": 149,
    "cultura": "Milho",
    "data_plantio": "2024-10-15",
    "data_colheita_prevista": null,
    "data_fim": null,
    "status": "EM_ANDAMENTO",
    "producao_estimada_saca": "600.00",
    "producao_real_saca": "0.00",
    "preco_venda_saca": "135.00",
    "observacoes": null,
    "data_cadastro": "2025-12-27T03:16:18.350Z"
  }
},
{
  "model": "core.plantio",
  "pk": 17,
  "fields": {
    "empresa": 3,
    "safra": 1,
    "talhao": 150,
    "cultura": "Milho",
    "data_plantio": "2024-10-15",
    "data_colheita_prevista": null,
    "data_fim": null,
    "status": "EM_ANDAMENTO",
    "producao_estimada_saca": "600.00",
    "producao_real_saca": "0.00",
    "preco_venda_saca": "135.00",
    "observacoes": null,
    "data_cadastro": "2025-12-27T03:16:18.352Z"
  }
},
{
  "model": "core.plantio",
  "pk": 18,
  "fields": {
    "empresa": 3,
    "safra": 1,
    "talhao": 256,
    "cultura": "Milho",
    "data_plantio": "2024-10-15",
    "data_colheita_prevista": null,
    "data_fim": null,
    "status": "EM_ANDAMENTO",
    "producao_estimada_saca": "600.00",
    "producao_real_saca": "0.00",
    "preco_venda_saca": "135.00",
    "observacoes": null,
    "data_cadastro": "2025-12-27T03:16:18.353Z"
  }
},
{
  "model": "core.plantio",
  "pk": 19,
  "fields": {
    "empresa": 3,
    "safra": 1,
    "talhao": 257,
    "cultura": "Milho",
    "data_plantio": "2024-10-15",
    "data_colheita_prevista": null,
    "data_fim": null,
    "status": "EM_ANDAMENTO",
    "producao_estimada_saca": "600.00",
    "producao_real_saca": "0.00",
    "preco_venda_saca": "135.00",
    "observacoes": null,
    "data_cadastro": "2025-12-27T03:16:18.356Z"
  }
},
{
  "model": "core.plantio",
  "pk": 20,
  "fields": {
    "empresa": 3,
    "safra": 1,
    "talhao": 258,
    "cultura": "Milho",
    "data_plantio": "2024-10-15",
    "data_colheita_prevista": null,
    "data_fim": null,
    "status": "EM_ANDAMENTO",
    "producao_estimada_saca": "600.00",
    "producao_real_saca": "0.00",
    "preco_venda_saca": "135.00",
    "observacoes": null,
    "data_cadastro": "2025-12-27T03:16:18.358Z"
  }
},
{
  "model": "core.plantio",
  "pk": 21,
  "fields": {
    "empresa": 3,
    "safra": 1,
    "talhao": 259,
    "cultura": "Milho",
    "data_plantio": "2024-10-15",
    "data_colheita_prevista": null,
    "data_fim": null,
    "status": "EM_ANDAMENTO",
    "producao_estimada_saca": "600.00",
    "producao_real_saca": "0.00",
    "preco_venda_saca": "135.00",
    "observacoes": null,
    "data_cadastro": "2025-12-27T03:16:18.361Z"
  }
},
{
  "model": "core.plantio",
  "pk": 22,
  "fields": {
    "empresa": 3,
    "safra": 1,
    "talhao": 260,
    "cultura": "Milho",
    "data_plantio": "2024-10-15",
    "data_colheita_prevista": null,
    "data_fim": null,
    "status": "EM_ANDAMENTO",
    "producao_estimada_saca": "600.00",
    "producao_real_saca": "0.00",
    "preco_venda_saca": "135.00",
    "observacoes": null,
    "data_cadastro": "2025-12-27T03:16:18.363Z"
  }
},
{
  "model": "core.plantio",
  "pk": 23,
  "fields": {
    "empresa": 3,
    "safra": 1,
    "talhao": 261,
    "cultura": "Milho",
    "data_plantio": "2024-10-15",
    "data_colheita_prevista": null,
    "data_fim": null,
    "status": "EM_ANDAMENTO",
    "producao_estimada_saca": "600.00",
    "producao_real_saca": "0.00",
    "preco_venda_saca": "135.00",
    "observacoes": null,
    "data_cadastro": "2025-12-27T03:16:18.365Z"
  }
},
{
  "model": "core.plantio",
  "pk": 24,
  "fields": {
    "empresa": 3,
    "safra": 1,
    "talhao": 262,
    "cultura": "Milho",
    "data_plantio": "2024-10-15",
    "data_colheita_prevista": null,
    "data_fim": null,
    "status": "EM_ANDAMENTO",
    "producao_estimada_saca": "600.00",
    "producao_real_saca": "0.00",
    "preco_venda_saca": "135.00",
    "observacoes": null,
    "data_cadastro": "2025-12-27T03:16:18.366Z"
  }
},
{
  "model": "core.plantio",
  "pk": 25,
  "fields": {
    "empresa": 3,
    "safra": 1,
    "talhao": 263,
    "cultura": "Milho",
    "data_plantio": "2024-10-15",
    "data_colheita_prevista": null,
    "data_fim": null,
    "status": "EM_ANDAMENTO",
    "producao_estimada_saca": "600.00",
    "producao_real_saca": "0.00",
    "preco_venda_saca": "135.00",
    "observacoes": null,
    "data_cadastro": "2025-12-27T03:16:18.368Z"
  }
},
{
  "model": "core.operacaocampo",
  "pk": 2,
  "fields": {
    "empresa": 1,
    "talhao": 1,
    "ciclo": 2,
    "categoria": "INSUMO",
    "produto": 1,
    "descricao": null,
    "tipo_operacao": "PLANTIO",
    "quantidade_aplicada": "5000.000",
    "data_operacao": "2025-12-22",
    "area_aplicada_ha": "41.2954",
    "maquinario_terceiro": false,
    "custo_operacao": "0.00",
    "unidade_custo": "BRL",
    "responsavel": "GUILHERME",
    "status": "APROVADO",
    "observacao": "",
    "data_cadastro": "2025-12-22T02:58:07.804Z"
  }
},
{
  "model": "core.operacaocampo",
  "pk": 8,
  "fields": {
    "empresa": 3,
    "talhao": 140,
    "ciclo": 7,
    "categoria": "INSUMO",
    "produto": 22,
    "descricao": null,
    "tipo_operacao": "PULVERIZACAO",
    "quantidade_aplicada": "20.000",
    "data_operacao": "2024-11-10",
    "area_aplicada_ha": null,
    "maquinario_terceiro": false,
    "custo_operacao": "0.00",
    "unidade_custo": "BRL",
    "responsavel": null,
    "status": "APROVADO",
    "observacao": null,
    "data_cadastro": "2025-12-27T03:16:18.392Z"
  }
},
{
  "model": "core.operacaocampo",
  "pk": 9,
  "fields": {
    "empresa": 3,
    "talhao": 141,
    "ciclo": 8,
    "categoria": "INSUMO",
    "produto": 22,
    "descricao": null,
    "tipo_operacao": "PULVERIZACAO",
    "quantidade_aplicada": "20.000",
    "data_operacao": "2024-11-10",
    "area_aplicada_ha": null,
    "maquinario_terceiro": false,
    "custo_operacao": "0.00",
    "unidade_custo": "BRL",
    "responsavel": null,
    "status": "APROVADO",
    "observacao": null,
    "data_cadastro": "2025-12-27T03:16:18.398Z"
  }
},
{
  "model": "core.operacaocampo",
  "pk": 10,
  "fields": {
    "empresa": 3,
    "talhao": 142,
    "ciclo": 9,
    "categoria": "INSUMO",
    "produto": 22,
    "descricao": null,
    "tipo_operacao": "PULVERIZACAO",
    "quantidade_aplicada": "20.000",
    "data_operacao": "2024-11-10",
    "area_aplicada_ha": null,
    "maquinario_terceiro": false,
    "custo_operacao": "0.00",
    "unidade_custo": "BRL",
    "responsavel": null,
    "status": "APROVADO",
    "observacao": null,
    "data_cadastro": "2025-12-27T03:16:18.404Z"
  }
},
{
  "model": "core.operacaocampo",
  "pk": 11,
  "fields": {
    "empresa": 3,
    "talhao": 143,
    "ciclo": 10,
    "categoria": "INSUMO",
    "produto": 22,
    "descricao": null,
    "tipo_operacao": "PULVERIZACAO",
    "quantidade_aplicada": "20.000",
    "data_operacao": "2024-11-10",
    "area_aplicada_ha": null,
    "maquinario_terceiro": false,
    "custo_operacao": "0.00",
    "unidade_custo": "BRL",
    "responsavel": null,
    "status": "APROVADO",
    "observacao": null,
    "data_cadastro": "2025-12-27T03:16:18.414Z"
  }
},
{
  "model": "core.operacaocampo",
  "pk": 12,
  "fields": {
    "empresa": 3,
    "talhao": 144,
    "ciclo": 11,
    "categoria": "INSUMO",
    "produto": 22,
    "descricao": null,
    "tipo_operacao": "PULVERIZACAO",
    "quantidade_aplicada": "20.000",
    "data_operacao": "2024-11-10",
    "area_aplicada_ha": null,
    "maquinario_terceiro": false,
    "custo_operacao": "0.00",
    "unidade_custo": "BRL",
    "responsavel": null,
    "status": "APROVADO",
    "observacao": null,
    "data_cadastro": "2025-12-27T03:16:18.420Z"
  }
},
{
  "model": "core.operacaocampo",
  "pk": 13,
  "fields": {
    "empresa": 3,
    "talhao": 145,
    "ciclo": 12,
    "categoria": "INSUMO",
    "produto": 22,
    "descricao": null,
    "tipo_operacao": "PULVERIZACAO",
    "quantidade_aplicada": "20.000",
    "data_operacao": "2024-11-10",
    "area_aplicada_ha": null,
    "maquinario_terceiro": false,
    "custo_operacao": "0.00",
    "unidade_custo": "BRL",
    "responsavel": null,
    "status": "APROVADO",
    "observacao": null,
    "data_cadastro": "2025-12-27T03:16:18.430Z"
  }
},
{
  "model": "core.operacaocampo",
  "pk": 14,
  "fields": {
    "empresa": 3,
    "talhao": 146,
    "ciclo": 13,
    "categoria": "INSUMO",
    "produto": 22,
    "descricao": null,
    "tipo_operacao": "PULVERIZACAO",
    "quantidade_aplicada": "20.000",
    "data_operacao": "2024-11-10",
    "area_aplicada_ha": null,
    "maquinario_terceiro": false,
    "custo_operacao": "0.00",
    "unidade_custo": "BRL",
    "responsavel": null,
    "status": "APROVADO",
    "observacao": null,
    "data_cadastro": "2025-12-27T03:16:18.437Z"
  }
},
{
  "model": "core.operacaocampo",
  "pk": 15,
  "fields": {
    "empresa": 3,
    "talhao": 147,
    "ciclo": 14,
    "categoria": "INSUMO",
    "produto": 22,
    "descricao": null,
    "tipo_operacao": "PULVERIZACAO",
    "quantidade_aplicada": "20.000",
    "data_operacao": "2024-11-10",
    "area_aplicada_ha": null,
    "maquinario_terceiro": false,
    "custo_operacao": "0.00",
    "unidade_custo": "BRL",
    "responsavel": null,
    "status": "APROVADO",
    "observacao": null,
    "data_cadastro": "2025-12-27T03:16:18.443Z"
  }
},
{
  "model": "core.operacaocampo",
  "pk": 16,
  "fields": {
    "empresa": 3,
    "talhao": 148,
    "ciclo": 15,
    "categoria": "INSUMO",
    "produto": 22,
    "descricao": null,
    "tipo_operacao": "PULVERIZACAO",
    "quantidade_aplicada": "20.000",
    "data_operacao": "2024-11-10",
    "area_aplicada_ha": null,
    "maquinario_terceiro": false,
    "custo_operacao": "0.00",
    "unidade_custo": "BRL",
    "responsavel": null,
    "status": "APROVADO",
    "observacao": null,
    "data_cadastro": "2025-12-27T03:16:18.450Z"
  }
},
{
  "model": "core.operacaocampo",
  "pk": 17,
  "fields": {
    "empresa": 3,
    "talhao": 149,
    "ciclo": 16,
    "categoria": "INSUMO",
    "produto": 22,
    "descricao": null,
    "tipo_operacao": "PULVERIZACAO",
    "quantidade_aplicada": "20.000",
    "data_operacao": "2024-11-10",
    "area_aplicada_ha": null,
    "maquinario_terceiro": false,
    "custo_operacao": "0.00",
    "unidade_custo": "BRL",
    "responsavel": null,
    "status": "APROVADO",
    "observacao": null,
    "data_cadastro": "2025-12-27T03:16:18.457Z"
  }
},
{
  "model": "core.operacaocampo",
  "pk": 18,
  "fields": {
    "empresa": 3,
    "talhao": 150,
    "ciclo": 17,
    "categoria": "INSUMO",
    "produto": 22,
    "descricao": null,
    "tipo_operacao": "PULVERIZACAO",
    "quantidade_aplicada": "20.000",
    "data_operacao": "2024-11-10",
    "area_aplicada_ha": null,
    "maquinario_terceiro": false,
    "custo_operacao": "0.00",
    "unidade_custo": "BRL",
    "responsavel": null,
    "status": "APROVADO",
    "observacao": null,
    "data_cadastro": "2025-12-27T03:16:18.466Z"
  }
},
{
  "model": "core.operacaocampo",
  "pk": 19,
  "fields": {
    "empresa": 3,
    "talhao": 256,
    "ciclo": 18,
    "categoria": "INSUMO",
    "produto": 22,
    "descricao": null,
    "tipo_operacao": "PULVERIZACAO",
    "quantidade_aplicada": "20.000",
    "data_operacao": "2024-11-10",
    "area_aplicada_ha": null,
    "maquinario_terceiro": false,
    "custo_operacao": "0.00",
    "unidade_custo": "BRL",
    "responsavel": null,
    "status": "APROVADO",
    "observacao": null,
    "data_cadastro": "2025-12-27T03:16:18.472Z"
  }
},
{
  "model": "core.operacaocampo",
  "pk": 20,
  "fields": {
    "empresa": 3,
    "talhao": 257,
    "ciclo": 19,
    "categoria": "INSUMO",
    "produto": 22,
    "descricao": null,
    "tipo_operacao": "PULVERIZACAO",
    "quantidade_aplicada": "20.000",
    "data_operacao": "2024-11-10",
    "area_aplicada_ha": null,
    "maquinario_terceiro": false,
    "custo_operacao": "0.00",
    "unidade_custo": "BRL",
    "responsavel": null,
    "status": "APROVADO",
    "observacao": null,
    "data_cadastro": "2025-12-27T03:16:18.483Z"
  }
},
{
  "model": "core.operacaocampo",
  "pk": 21,
  "fields": {
    "empresa": 3,
    "talhao": 258,
    "ciclo": 20,
    "categoria": "INSUMO",
    "produto": 22,
    "descricao": null,
    "tipo_operacao": "PULVERIZACAO",
    "quantidade_aplicada": "20.000",
    "data_operacao": "2024-11-10",
    "area_aplicada_ha": null,
    "maquinario_terceiro": false,
    "custo_operacao": "0.00",
    "unidade_custo": "BRL",
    "responsavel": null,
    "status": "APROVADO",
    "observacao": null,
    "data_cadastro": "2025-12-27T03:16:18.492Z"
  }
},
{
  "model": "core.operacaocampo",
  "pk": 22,
  "fields": {
    "empresa": 3,
    "talhao": 259,
    "ciclo": 21,
    "categoria": "INSUMO",
    "produto": 22,
    "descricao": null,
    "tipo_operacao": "PULVERIZACAO",
    "quantidade_aplicada": "20.000",
    "data_operacao": "2024-11-10",
    "area_aplicada_ha": null,
    "maquinario_terceiro": false,
    "custo_operacao": "0.00",
    "unidade_custo": "BRL",
    "responsavel": null,
    "status": "APROVADO",
    "observacao": null,
    "data_cadastro": "2025-12-27T03:16:18.504Z"
  }
},
{
  "model": "core.operacaocampo",
  "pk": 23,
  "fields": {
    "empresa": 3,
    "talhao": 260,
    "ciclo": 22,
    "categoria": "INSUMO",
    "produto": 22,
    "descricao": null,
    "tipo_operacao": "PULVERIZACAO",
    "quantidade_aplicada": "20.000",
    "data_operacao": "2024-11-10",
    "area_aplicada_ha": null,
    "maquinario_terceiro": false,
    "custo_operacao": "0.00",
    "unidade_custo": "BRL",
    "responsavel": null,
    "status": "APROVADO",
    "observacao": null,
    "data_cadastro": "2025-12-27T03:16:18.514Z"
  }
},
{
  "model": "core.operacaocampo",
  "pk": 24,
  "fields": {
    "empresa": 3,
    "talhao": 261,
    "ciclo": 23,
    "categoria": "INSUMO",
    "produto": 22,
    "descricao": null,
    "tipo_operacao": "PULVERIZACAO",
    "quantidade_aplicada": "20.000",
    "data_operacao": "2024-11-10",
    "area_aplicada_ha": null,
    "maquinario_terceiro": false,
    "custo_operacao": "0.00",
    "unidade_custo": "BRL",
    "responsavel": null,
    "status": "APROVADO",
    "observacao": null,
    "data_cadastro": "2025-12-27T03:16:18.521Z"
  }
},
{
  "model": "core.operacaocampo",
  "pk": 25,
  "fields": {
    "empresa": 3,
    "talhao": 262,
    "ciclo": 24,
    "categoria": "INSUMO",
    "produto": 22,
    "descricao": null,
    "tipo_operacao": "PULVERIZACAO",
    "quantidade_aplicada": "20.000",
    "data_operacao": "2024-11-10",
    "area_aplicada_ha": null,
    "maquinario_terceiro": false,
    "custo_operacao": "0.00",
    "unidade_custo": "BRL",
    "responsavel": null,
    "status": "APROVADO",
    "observacao": null,
    "data_cadastro": "2025-12-27T03:16:18.527Z"
  }
},
{
  "model": "core.operacaocampo",
  "pk": 26,
  "fields": {
    "empresa": 3,
    "talhao": 263,
    "ciclo": 25,
    "categoria": "INSUMO",
    "produto": 22,
    "descricao": null,
    "tipo_operacao": "PULVERIZACAO",
    "quantidade_aplicada": "20.000",
    "data_operacao": "2024-11-10",
    "area_aplicada_ha": null,
    "maquinario_terceiro": false,
    "custo_operacao": "0.00",
    "unidade_custo": "BRL",
    "responsavel": null,
    "status": "APROVADO",
    "observacao": null,
    "data_cadastro": "2025-12-27T03:16:18.534Z"
  }
},
{
  "model": "core.configuracaosistema",
  "pk": 1,
  "fields": {
    "nome_sistema": "HK Consultoria",
    "logo": "logos/logo_rosto_uVHZspx.png",
    "cor_primaria": "#212529",
    "mensagem_dashboard": "Bem Vindo ao HK Gerenciador de Talh§es",
    "created_at": "2025-12-23T01:40:45.029Z",
    "updated_at": "2025-12-27T04:33:49.906Z"
  }
},
{
  "model": "core.romaneio",
  "pk": 2,
  "fields": {
    "empresa": 3,
    "data": "2025-02-01",
    "numero_ticket": "TK-103",
    "fazenda": 6,
    "talhao": 140,
    "plantio": 7,
    "motorista": null,
    "placa": null,
    "peso_tara": "15000",
    "peso_bruto": "42000",
    "umidade_percentual": "16.50",
    "impureza_percentual": "2.00",
    "armazem_terceiro": 7,
    "peso_quebra_tecnica": "78",
    "peso_liquido": "25977"
  }
},
{
  "model": "core.romaneio",
  "pk": 3,
  "fields": {
    "empresa": 3,
    "data": "2025-02-01",
    "numero_ticket": "TK-241",
    "fazenda": 6,
    "talhao": 141,
    "plantio": 8,
    "motorista": null,
    "placa": null,
    "peso_tara": "15000",
    "peso_bruto": "42000",
    "umidade_percentual": "16.50",
    "impureza_percentual": "2.00",
    "armazem_terceiro": 7,
    "peso_quebra_tecnica": "78",
    "peso_liquido": "25977"
  }
},
{
  "model": "core.romaneio",
  "pk": 4,
  "fields": {
    "empresa": 3,
    "data": "2025-02-01",
    "numero_ticket": "TK-898",
    "fazenda": 6,
    "talhao": 142,
    "plantio": 9,
    "motorista": null,
    "placa": null,
    "peso_tara": "15000",
    "peso_bruto": "42000",
    "umidade_percentual": "16.50",
    "impureza_percentual": "2.00",
    "armazem_terceiro": 7,
    "peso_quebra_tecnica": "78",
    "peso_liquido": "25977"
  }
},
{
  "model": "core.romaneio",
  "pk": 5,
  "fields": {
    "empresa": 3,
    "data": "2025-02-01",
    "numero_ticket": "TK-636",
    "fazenda": 6,
    "talhao": 143,
    "plantio": 10,
    "motorista": null,
    "placa": null,
    "peso_tara": "15000",
    "peso_bruto": "42000",
    "umidade_percentual": "16.50",
    "impureza_percentual": "2.00",
    "armazem_terceiro": 7,
    "peso_quebra_tecnica": "78",
    "peso_liquido": "25977"
  }
},
{
  "model": "core.contratovenda",
  "pk": 1,
  "fields": {
    "empresa": 3,
    "cliente": 1,
    "tipo": "FUTURO",
    "data_entrega": "2025-03-01",
    "observacoes": ""
  }
},
{
  "model": "core.itemcontratovenda",
  "pk": 1,
  "fields": {
    "contrato": 1,
    "produto": 25,
    "fazenda": null,
    "quantidade": "1500.00",
    "unidade": "SC",
    "valor_unitario": "57.65"
  }
},
{
  "model": "core.fixacao",
  "pk": 1,
  "fields": {
    "empresa": 3,
    "data_fixacao": "2025-12-27",
    "contrato": 1,
    "item": 1,
    "romaneio": 2,
    "quantidade": "100.00",
    "preco": "56.00",
    "valor_total": "5600.00",
    "observacoes": ""
  }
},
{
  "model": "core.taxaarmazem",
  "pk": 7,
  "fields": {
    "empresa": 3,
    "fornecedor": 2,
    "taxa_recepcao": "15.00",
    "taxa_armazenagem": "0.20",
    "frequencia": "QUINZENAL",
    "unidade": "SACA",
    "quebra_tecnica": "0.30"
  }
}
]
